;;Luis;;;Elena;;;Natalia;;;SM;MD;LG;SM(similitud);MD(similitud);LG(similitud);SM(umbral);MD(umbral);LG(umbral)
;;mejor linea;alternativas (opcional);flag;mejor linea;alternativas (opcional);flag;mejor linea;alternativas (opcional);flag;;;;;;;;;
1056c39c8300ac26304ad7463f5ea8ce;minipregunta-1;1;2;;1;;;;;;1;1 4 7 6 2 ;1 4 7 6 2 ;0.804 ;0.907 0.865 0.857 0.851 0.843 ;0.905 0.861 0.853 0.85 0.843 ;1;1 0 0 0 0 ;1 0 0 0 0 
1056c39c8300ac26304ad7463f5ea8ce;minipregunta-2;3;;;3;;;;;;3;6 3 4 1 ;6 3 4 1 ;0.698 ;0.802 0.786 0.777 0.744 ;0.803 0.786 0.775 0.743 ;3;0 0 0 0 ;0 0 0 0 
1056c39c8300ac26304ad7463f5ea8ce;minipregunta-3;0;;NINGUNA;4;5;;;;;3 1 ;6 4 3 ;6 4 3 ;0.741 0.681 ;0.932 0.917 0.897 ;0.932 0.917 0.896 ;3 1 ;6 4 3 ;6 4 3 
1056c39c8300ac26304ad7463f5ea8ce;minipregunta-4;7;;;7;;;;;;7 1 6 ;7 4 6 1 2 3 ;7 4 6 1 2 3 ;0.752 0.751 0.733 ;0.928 0.901 0.901 0.887 0.88 0.862 ;0.928 0.9 0.898 0.886 0.88 0.862 ;7 1 6 ;7 4 6 1 2 0 ;7 4 6 1 2 0 
dde1a2be8c3e40859868f7c68c4a74ef;minipregunta-1;0;;VACIA;0;;VACIA;;;;;;;;;;;;
dde1a2be8c3e40859868f7c68c4a74ef;minipregunta-2;0;;VACIA;0;;VACIA;;;;;;;;;;;;
dde1a2be8c3e40859868f7c68c4a74ef;minipregunta-3;0;;VACIA;0;;VACIA;;;;;;;;;;;;
dde1a2be8c3e40859868f7c68c4a74ef;minipregunta-4;0;;VACIA;0;;VACIA;;;;;;;;;;;;
56b47fc533b4f14267f5887cb9103b05;minipregunta-1;1;;;1;;;;;;1;1 2 ;1 2 ;0.677 ;0.928 0.869 ;0.928 0.869 ;1;1 0 ;1 0 
56b47fc533b4f14267f5887cb9103b05;minipregunta-2;2;;;2;4,6,7;CONJUNTA;;;;9 2 6 4 ;2 1 6 9 ;2 1 6 9 ;0.451 0.436 0.436 0.411 ;0.834 0.781 0.776 0.767 ;0.834 0.781 0.776 0.767 ;0 0 0 0 ;0 0 0 0 ;0 0 0 0 
56b47fc533b4f14267f5887cb9103b05;minipregunta-3;6;;;6;;;;;;6 1 9 ;6 9 2 ;6 9 2 ;0.635 0.569 0.568 ;0.923 0.906 0.857 ;0.925 0.906 0.854 ;6 0 0 ;6 9 0 ;6 9 0 
56b47fc533b4f14267f5887cb9103b05;minipregunta-4;8;9;;8;9;CONJUNTA;;;;8;8 1 2 ;8 1 2 ;0.765 ;0.931 0.879 0.876 ;0.932 0.879 0.878 ;8;8 1 2 ;8 1 2 
2e7405e83d52a3f78f50c8ca6f16d961;minipregunta-1;1;;;1;;;;;;1;1;1 9 ;0.743 ;0.9 ;0.9 0.826 ;1;1;1 0 
2e7405e83d52a3f78f50c8ca6f16d961;minipregunta-2;5;;;5;6,7;CONJUNTA;;;;6 7 ;3 2 8 6 ;3 2 6 8 ;0.619 0.601 ;0.778 0.77 0.744 0.742 ;0.778 0.77 0.742 0.74 ;6 0 ;0 0 0 0 ;0 0 0 0 
2e7405e83d52a3f78f50c8ca6f16d961;minipregunta-3;8;;;8;;;;;;8;8;8;0.764 ;0.92 ;0.919 ;8;8;8
2e7405e83d52a3f78f50c8ca6f16d961;minipregunta-4;9;10;CONJUNTA;9;10;CONJUNTA;;;;9;9 10 1 4 ;9 10 1 ;0.781 ;0.919 0.912 0.872 0.847 ;0.92 0.912 0.873 ;9;9 10 0 0 ;9 10 0 
b5b1b7329e33e1ba1459273adae97e78;minipregunta-1;1;5,6;;1;5,6;CONJUNTA;;;;5 11 1 ;11;11;0.661 0.652 0.641 ;0.876 ;0.876 ;5 11 1 ;11;11
b5b1b7329e33e1ba1459273adae97e78;minipregunta-2;7;;;7;8;CONJUNTA;;;;10 7 ;1 12 ;1 12 ;0.615 0.607 ;0.807 0.755 ;0.807 0.755 ;0 0 ;0 0 ;0 0 
b5b1b7329e33e1ba1459273adae97e78;minipregunta-3;10;9;;10;;;;;;10 1 ;1 10 ;1 10 ;0.657 0.625 ;0.897 0.863 ;0.897 0.863 ;10 1 ;1 0 ;1 0 
b5b1b7329e33e1ba1459273adae97e78;minipregunta-4;12;13;CONJUNTA;12;13,1;CONJUNTA;;;;5;11 5 2 ;11 5 2 ;0.714 ;0.895 0.873 0.849 ;0.895 0.872 0.845 ;5;11 0 0 ;11 0 0 
d0d16cf33b031602f1b818a8190fc59f;minipregunta-1;1;;;1;;;;;;1 4 2 ;1 2 ;1 2 ;0.635 0.594 0.588 ;0.918 0.9 ;0.916 0.902 ;1 0 0 ;1 2 ;1 2 
d0d16cf33b031602f1b818a8190fc59f;minipregunta-2;2;;;2;3;CONJUNTA;;;;2 1 3 ;1 2 ;1 2 ;0.47 0.463 0.412 ;0.802 0.743 ;0.804 0.743 ;0 0 0 ;0 0 ;0 0 
d0d16cf33b031602f1b818a8190fc59f;minipregunta-3;0;;NINGUNA;0;;NINGUNA;;;;3 1 ;3 1 4 ;3 1 4 ;0.649 0.611 ;0.89 0.864 0.825 ;0.889 0.864 0.822 ;3 0 ;3 0 0 ;3 0 0 
d0d16cf33b031602f1b818a8190fc59f;minipregunta-4;4;;;4;;;;;;4;4 1 2 ;4 1 2 ;0.741 ;0.932 0.895 0.859 ;0.932 0.897 0.864 ;4;4 1 0 ;4 1 0 
f4d0bf14886ef288809047c1c7bce5ce;minipregunta-1;1;;;1;;;;;;7 2 ;1 2 7 ;1 2 7 ;0.647 0.586 ;0.859 0.853 0.852 ;0.858 0.852 0.851 ;7 0 ;0 0 0 ;0 0 0 
f4d0bf14886ef288809047c1c7bce5ce;minipregunta-2;3;;;3;4;CONJUNTA;;;;4;2 4 1 ;2 4 1 ;0.764 ;0.791 0.767 0.74 ;0.791 0.767 0.735 ;4;0 0 0 ;0 0 0 
f4d0bf14886ef288809047c1c7bce5ce;minipregunta-3;5;;;5;2;CONJUNTA;;;;5 2 ;2 1 5 8 ;2 1 5 ;0.691 0.674 ;0.895 0.89 0.853 0.824 ;0.894 0.887 0.857 ;5 2 ;2 1 0 0 ;2 1 0 
f4d0bf14886ef288809047c1c7bce5ce;minipregunta-4;6;7;CONJUNTA;6;7;CONJUNTA;;;;7;2 1 7 ;2 1 7 ;0.746 ;0.898 0.895 0.879 ;0.898 0.891 0.879 ;7;2 1 7 ;2 1 7 
2fae60a0028014899d19e2620486f7f9;minipregunta-1;1;2;CONJUNTA;1;2;CONJUNTA;;;;1;11 1 10 2 ;11 1 10 2 ;0.708 ;0.812 0.797 0.772 0.77 ;0.808 0.787 0.77 0.767 ;1;0 0 0 0 ;0 0 0 0 
2fae60a0028014899d19e2620486f7f9;minipregunta-2;3;;;3;4,5;CONJUNTA;;;;1 6 5 ;1 5 ;1 5 ;0.496 0.488 0.455 ;0.84 0.771 ;0.836 0.772 ;0 0 0 ;0 0 ;0 0 
2fae60a0028014899d19e2620486f7f9;minipregunta-3;6;;;6;7,8;CONJUNTA;;;;6 3 1 ;6 5 ;6 5 ;0.639 0.594 0.58 ;0.863 0.819 ;0.867 0.82 ;6 0 0 ;0 0 ;0 0 
2fae60a0028014899d19e2620486f7f9;minipregunta-4;9;;;9;;;;;;9 2 ;2;2;0.637 0.633 ;0.91 ;0.908 ;9 2 ;2;2
197202cada30464d0dccd61b6d0ba4db;minipregunta-1;1;;;1;;;;;;1;1;1;0.651 ;0.921 ;0.922 ;1;1;1
197202cada30464d0dccd61b6d0ba4db;minipregunta-2;1;;;1;;;;;;2;1;1;0.62 ;0.87 ;0.873 ;2;0;0
197202cada30464d0dccd61b6d0ba4db;minipregunta-3;2;;;2;;;;;;1 2 ;1;1;0.693 0.685 ;0.882 ;0.879 ;1 2 ;1;1
197202cada30464d0dccd61b6d0ba4db;minipregunta-4;3;;;3;;;;;;1 3 ;1;1;0.649 0.607 ;0.877 ;0.876 ;1 0 ;1;1
268eaada61847dfd6089191ed7070fdc;minipregunta-1;1;;UNICA;1;;UNICA;;;;1;1;1;0.63 ;0.883 ;0.883 ;1;1;1
268eaada61847dfd6089191ed7070fdc;minipregunta-2;1;;UNICA;1;;UNICA;;;;1;1;1;0.451 ;0.826 ;0.826 ;0;0;0
268eaada61847dfd6089191ed7070fdc;minipregunta-3;1;;UNICA;1;;UNICA;;;;1;1;1;0.747 ;0.948 ;0.949 ;1;1;1
268eaada61847dfd6089191ed7070fdc;minipregunta-4;1;;UNICA;1;;UNICA;;;;1;1;1;0.62 ;0.89 ;0.886 ;1;1;1
bf874991ff0fbd29b5f87482957af4ea;minipregunta-1;1;;UNICA;1;;UNICA;;;;1;1;1;0.634 ;0.836 ;0.835 ;1;0;0
bf874991ff0fbd29b5f87482957af4ea;minipregunta-2;1;;UNICA;1;;UNICA;;;;1;1;1;0.482 ;0.714 ;0.712 ;0;0;0
bf874991ff0fbd29b5f87482957af4ea;minipregunta-3;0;;NINGUNA;1;;UNICA;;;;1;1;1;0.57 ;0.838 ;0.835 ;0;0;0
bf874991ff0fbd29b5f87482957af4ea;minipregunta-4;1;;UNICA;1;;UNICA;;;;1;1;1;0.759 ;0.935 ;0.935 ;1;1;1
5285e5cfba9e640542c862d94a89ba87;minipregunta-1;1;;;1;;;;;;1;1 2 4 ;1 2 4 ;0.635 ;0.824 0.768 0.76 ;0.821 0.765 0.759 ;1;0 0 0 ;0 0 0 
5285e5cfba9e640542c862d94a89ba87;minipregunta-2;3;;;3;;;;;;3;3 5 4 ;3 5 4 ;0.739 ;0.813 0.775 0.758 ;0.811 0.773 0.76 ;3;0 0 0 ;0 0 0 
5285e5cfba9e640542c862d94a89ba87;minipregunta-3;4;5;CONJUNTA;4;5;CONJUNTA;;;;5;4 5 3 ;4 5 3 ;0.772 ;0.943 0.89 0.885 ;0.944 0.888 0.882 ;5;4 5 3 ;4 5 3 
5285e5cfba9e640542c862d94a89ba87;minipregunta-4;2;;;2;;;;;;1 2 ;1 2 ;2 1 ;0.777 0.745 ;0.906 0.906 ;0.905 0.903 ;1 2 ;1 2 ;2 1 
053db5667b1dcc66a2f7b9c7cd192b3b;minipregunta-1;1;;;1;;;;;;3 1 ;1 3 ;1 3 ;0.61 0.583 ;0.818 0.758 ;0.817 0.755 ;0 0 ;0 0 ;0 0 
053db5667b1dcc66a2f7b9c7cd192b3b;minipregunta-2;1;;;1;;;;;;1;1 2 ;1 2 ;0.614 ;0.802 0.752 ;0.801 0.752 ;0;0 0 ;0 0 
053db5667b1dcc66a2f7b9c7cd192b3b;minipregunta-3;2;;;2;;;;;;2 1 ;1 2 ;1 2 ;0.711 0.662 ;0.939 0.897 ;0.936 0.9 ;2 1 ;1 2 ;1 2 
053db5667b1dcc66a2f7b9c7cd192b3b;minipregunta-4;3;;;3;;;;;;3 1 ;3 1 ;3 1 ;0.687 0.634 ;0.853 0.833 ;0.853 0.834 ;3 1 ;0 0 ;0 0 
bc0ec2cd7a91c72da74e5d7a4ec67a9e;minipregunta-1;2;;;2;;;;;;2 7 ;2 7 ;2 7 ;0.687 0.686 ;0.912 0.889 ;0.913 0.889 ;2 7 ;2 7 ;2 7 
bc0ec2cd7a91c72da74e5d7a4ec67a9e;minipregunta-2;4;;;4;5;CONJUNTA;;;;4 8 6 ;3 8 2 4 7 ;3 8 2 4 7 ;0.553 0.497 0.483 ;0.775 0.759 0.714 0.708 0.704 ;0.773 0.759 0.716 0.709 0.706 ;0 0 0 ;0 0 0 0 0 ;0 0 0 0 0 
bc0ec2cd7a91c72da74e5d7a4ec67a9e;minipregunta-3;6;;;6;;;;;;6 3 4 ;4 6 3 ;4 6 3 ;0.661 0.647 0.605 ;0.897 0.853 0.835 ;0.898 0.856 0.831 ;6 3 0 ;4 0 0 ;4 0 0 
bc0ec2cd7a91c72da74e5d7a4ec67a9e;minipregunta-4;7;;;7;;;;;;7 9 ;7 2 9 8 ;7 2 9 8 ;0.802 0.74 ;0.935 0.922 0.916 0.883 ;0.934 0.924 0.914 0.882 ;7 9 ;7 2 9 8 ;7 2 9 8 
eb9121746ee55b359a9eefa8f6378365;minipregunta-1;1;;;1;;;;;;4 10 ;1 4 8 10 9 ;1 4 8 10 9 ;0.734 0.705 ;0.874 0.872 0.848 0.842 0.81 ;0.873 0.871 0.846 0.841 0.81 ;4 10 ;0 0 0 0 0 ;0 0 0 0 0 
eb9121746ee55b359a9eefa8f6378365;minipregunta-2;9;;;9;;;;;;5;9 5 2 ;9 5 2 ;0.611 ;0.768 0.766 0.731 ;0.768 0.766 0.731 ;0;0 0 0 ;0 0 0 
eb9121746ee55b359a9eefa8f6378365;minipregunta-3;7;;;7;6;CONJUNTA;;;;7 5 ;8 6 12 7 9 ;8 6 12 7 ;0.662 0.629 ;0.876 0.846 0.843 0.823 0.807 ;0.879 0.848 0.843 0.821 ;7 5 ;8 0 0 0 0 ;8 0 0 0 
eb9121746ee55b359a9eefa8f6378365;minipregunta-4;10;12;CONJUNTA;10;12;CONJUNTA;;;;3 10 ;3 10 1 12 4 8 9 ;3 10 1 8 12 4 9 ;0.74 0.723 ;0.892 0.889 0.862 0.857 0.856 0.855 0.842 ;0.891 0.887 0.862 0.857 0.857 0.856 0.842 ;3 10 ;3 10 0 0 0 0 0 ;3 10 0 0 0 0 0 
ae794d3bacbf6e4d1400ed681e9cd8dd;minipregunta-1;1;3;;1;3;;;;;3 10 ;3 10 1 8 2 ;3 10 1 8 2 ;0.682 0.639 ;0.859 0.852 0.849 0.816 0.788 ;0.858 0.851 0.849 0.809 0.785 ;3 10 ;0 0 0 0 0 ;0 0 0 0 0 
ae794d3bacbf6e4d1400ed681e9cd8dd;minipregunta-2;4;;;4;;;;;;4;8 4 2 10 ;8 4 2 10 ;0.751 ;0.729 0.684 0.67 0.665 ;0.721 0.684 0.671 0.665 ;4;0 0 0 0 ;0 0 0 0 
ae794d3bacbf6e4d1400ed681e9cd8dd;minipregunta-3;9;;;9;7,8;;;;;6 3 9 8 ;8 2 6 9 ;2 8 6 9 ;0.584 0.582 0.56 0.54 ;0.848 0.844 0.803 0.781 ;0.844 0.841 0.8 0.778 ;0 0 0 0 ;0 0 0 0 ;0 0 0 0 
ae794d3bacbf6e4d1400ed681e9cd8dd;minipregunta-4;10;;;10;;;;;;10;10 3 8 2 ;10 3 8 2 ;0.807 ;0.946 0.909 0.895 0.886 ;0.946 0.91 0.894 0.885 ;10;10 3 8 2 ;10 3 8 2 
b5372c107dc97e91722398e3a9b57f08;minipregunta-1;4;;;4;6,9;CONJUNTA;;;;9 4 8 6 ;1 6 8 4 7 9 ;1 8 6 4 7 9 ;0.62 0.619 0.609 0.572 ;0.851 0.832 0.814 0.81 0.8 0.796 ;0.856 0.846 0.83 0.81 0.805 0.793 ;9 4 0 0 ;0 0 0 0 0 0 ;0 0 0 0 0 0 
b5372c107dc97e91722398e3a9b57f08;minipregunta-2;2;;;2;;;;;;10 4 9 ;7 5 8 4 9 ;7 8 5 4 9 ;0.425 0.372 0.359 ;0.781 0.773 0.763 0.741 0.713 ;0.785 0.782 0.774 0.742 0.715 ;0 0 0 ;0 0 0 0 0 ;0 0 0 0 0 
b5372c107dc97e91722398e3a9b57f08;minipregunta-3;5;;;4;5;CONJUNTA;;;;4 8 ;5 9 4 8 ;5 9 8 4 ;0.673 0.612 ;0.917 0.898 0.872 0.872 ;0.919 0.897 0.886 0.872 ;4 0 ;5 9 0 0 ;5 9 8 0 
b5372c107dc97e91722398e3a9b57f08;minipregunta-4;7;;;7;;;;;;7 8 6 4 ;6 4 1 9 7 8 ;6 4 7 1 9 8 ;0.608 0.601 0.6 0.541 ;0.912 0.871 0.869 0.869 0.865 0.843 ;0.911 0.87 0.868 0.866 0.864 0.859 ;0 0 0 0 ;6 0 0 0 0 0 ;6 0 0 0 0 0 
b8af34d45326efd631958c2e4c4ca125;minipregunta-1;1;;;1;;;;;;1 4 5 2 ;1;1;0.66 0.63 0.626 0.624 ;0.933 ;0.929 ;1 4 5 2 ;1;1
b8af34d45326efd631958c2e4c4ca125;minipregunta-2;2;;;2;;;;;;2;1 2 ;1 2 ;0.494 ;0.836 0.766 ;0.836 0.767 ;0;0 0 ;0 0 
b8af34d45326efd631958c2e4c4ca125;minipregunta-3;2;;;2;;;;;;2 1 ;2;2;0.719 0.67 ;0.928 ;0.929 ;2 1 ;2;2
b8af34d45326efd631958c2e4c4ca125;minipregunta-4;5;;;5;;;;;;2 5 ;1 2 ;1 2 ;0.682 0.614 ;0.893 0.868 ;0.893 0.867 ;2 0 ;1 0 ;1 0 
915ceea06887d6f09ba9b6428e304511;minipregunta-1;1;4;;1;4,6;CONJUNTA;;;;4 1 7 ;8 1 4 7 3 ;8 1 4 3 7 ;0.672 0.634 0.629 ;0.903 0.882 0.845 0.835 0.834 ;0.902 0.881 0.843 0.834 0.834 ;4 1 7 ;8 1 0 0 0 ;8 1 0 0 0 
915ceea06887d6f09ba9b6428e304511;minipregunta-2;3;;;3;;;;;;3 2 4 ;2 4 ;2 4 ;0.553 0.505 0.491 ;0.867 0.792 ;0.864 0.792 ;0 0 0 ;0 0 ;0 0 
915ceea06887d6f09ba9b6428e304511;minipregunta-3;4;;;4;5;CONJUNTA;;;;4 3 2 ;3 2 1 4 6 8 7 ;3 1 2 4 8 6 7 ;0.688 0.652 0.615 ;0.877 0.865 0.864 0.861 0.846 0.845 0.829 ;0.876 0.863 0.861 0.857 0.844 0.841 0.822 ;4 3 0 ;3 0 0 0 0 0 0 ;3 0 0 0 0 0 0 
915ceea06887d6f09ba9b6428e304511;minipregunta-4;7;;;7;;;;;;7;4 7 8 1 ;4 7 8 1 ;0.813 ;0.929 0.928 0.922 0.906 ;0.928 0.926 0.922 0.908 ;7;4 7 8 1 ;4 7 8 1 
8eaadfcb8902c35bc11e5ae1c8639892;minipregunta-1;1;;;1;;;;;;1;9 1 10 6 ;9 1 10 6 ;0.761 ;0.915 0.892 0.854 0.85 ;0.914 0.891 0.854 0.847 ;1;9 1 0 0 ;9 1 0 0 
8eaadfcb8902c35bc11e5ae1c8639892;minipregunta-2;2;;;2;3,4;CONJUNTA;;;;2 9 3 ;9;9;0.419 0.386 0.356 ;0.832 ;0.832 ;0 0 0 ;0;0
8eaadfcb8902c35bc11e5ae1c8639892;minipregunta-3;6;;;6;8;;;;;7 6 4 ;6 9 4 3 ;6 9 4 3 ;0.681 0.675 0.661 ;0.91 0.89 0.882 0.844 ;0.913 0.888 0.877 0.847 ;7 6 4 ;6 9 4 0 ;6 9 4 0 
8eaadfcb8902c35bc11e5ae1c8639892;minipregunta-4;9;10;CONJUNTA;9;10;CONJUNTA;;;;1 9 ;1 10 9 ;1 10 9 ;0.82 0.789 ;0.935 0.926 0.907 ;0.935 0.926 0.909 ;1 9 ;1 10 9 ;1 10 9 
74ce38319e9d0f800f35f48f4162c9f1;minipregunta-1;1;;;1;;;;;;1 3 ;1 3 ;1 3 ;0.638 0.59 ;0.895 0.824 ;0.896 0.823 ;1 0 ;1 0 ;1 0 
74ce38319e9d0f800f35f48f4162c9f1;minipregunta-2;3;;;3;;;;;;3;2 1 ;2 1 ;0.419 ;0.783 0.743 ;0.784 0.746 ;0;0 0 ;0 0 
74ce38319e9d0f800f35f48f4162c9f1;minipregunta-3;0;;NINGUNA;2;3;CONJUNTA;;;;2 1 3 ;2 1 3 ;2 3 1 ;0.58 0.543 0.532 ;0.873 0.837 0.837 ;0.872 0.836 0.834 ;0 0 0 ;0 0 0 ;0 0 0 
74ce38319e9d0f800f35f48f4162c9f1;minipregunta-4;3;;;3;;;;;;3 1 ;1 3 2 ;1 3 2 ;0.784 0.756 ;0.921 0.91 0.9 ;0.923 0.908 0.897 ;3 1 ;1 3 2 ;1 3 2 
51ddbc7f7eacf0ea460a7895de3e2e10;minipregunta-1;1;;;1;;;;;;5;1 5 ;1 5 ;0.689 ;0.886 0.821 ;0.884 0.819 ;5;1 0 ;1 0 
51ddbc7f7eacf0ea460a7895de3e2e10;minipregunta-2;5;;;5;;;;;;5 4 2 ;4 1 ;4 1 ;0.351 0.326 0.296 ;0.801 0.727 ;0.801 0.728 ;0 0 0 ;0 0 ;0 0 
51ddbc7f7eacf0ea460a7895de3e2e10;minipregunta-3;4;;;4;3;;;;;4;4;4;0.727 ;0.895 ;0.895 ;4;4;4
51ddbc7f7eacf0ea460a7895de3e2e10;minipregunta-4;5;;;5;;;;;;5;1 5 ;1 5 ;0.798 ;0.943 0.92 ;0.943 0.919 ;5;1 5 ;1 5 
375c9f81952e5da9fc1e5f5bf9fcf0bb;minipregunta-1;1;3;CONJUNTA;0;;NINGUNA;;;;1 8 ;1 7 8 ;1 7 8 ;0.577 0.552 ;0.837 0.781 0.778 ;0.835 0.781 0.776 ;0 0 ;0 0 0 ;0 0 0 
375c9f81952e5da9fc1e5f5bf9fcf0bb;minipregunta-2;7;;;7;;;;;;7;7 1 ;7 1 ;0.848 ;0.931 0.918 ;0.931 0.918 ;7;7 1 ;7 1 
375c9f81952e5da9fc1e5f5bf9fcf0bb;minipregunta-3;6;5;CONJUNTA;6;3,4,5;CONJUNTA;;;;8 1 7 ;7 1 3 5 6 8 ;1 7 3 5 6 8 ;0.622 0.606 0.598 ;0.871 0.87 0.844 0.827 0.806 0.804 ;0.87 0.868 0.846 0.823 0.805 0.802 ;8 0 0 ;0 0 0 0 0 0 ;0 0 0 0 0 0 
375c9f81952e5da9fc1e5f5bf9fcf0bb;minipregunta-4;0;;NINGUNA;0;;NINGUNA;;;;8;8 5 ;8 5 ;0.584 ;0.879 0.833 ;0.877 0.827 ;0;8 0 ;8 0 
1c29ceaed071cc86298c79e566233ea5;minipregunta-1;1;;;1;;;;;;4 1 5 ;1 5 ;1 5 ;0.571 0.564 0.534 ;0.864 0.817 ;0.859 0.816 ;0 0 0 ;0 0 ;0 0 
1c29ceaed071cc86298c79e566233ea5;minipregunta-2;2;;;2;;;;;;2;5 1 2 4 ;5 1 2 4 ;0.682 ;0.805 0.786 0.762 0.746 ;0.805 0.789 0.762 0.744 ;2;0 0 0 0 ;0 0 0 0 
1c29ceaed071cc86298c79e566233ea5;minipregunta-3;4;;;4;;;;;;4;4 1 5 ;4 1 5 ;0.729 ;0.902 0.891 0.861 ;0.905 0.89 0.86 ;4;4 1 0 ;4 1 0 
1c29ceaed071cc86298c79e566233ea5;minipregunta-4;5;;;5;;;;;;3 1 5 ;1 5 3 ;1 5 3 ;0.67 0.646 0.64 ;0.92 0.867 0.86 ;0.917 0.867 0.857 ;3 1 5 ;1 0 0 ;1 0 0 
9f13cf7e7d7fdd1d30c1220707501993;minipregunta-1;1;;;1;;;;;;4;4 1 ;4 1 ;0.67 ;0.842 0.773 ;0.841 0.781 ;4;0 0 ;0 0 
9f13cf7e7d7fdd1d30c1220707501993;minipregunta-2;0;;NINGUNA;0;;NINGUNA;;;;2;4;4;0.448 ;0.757 ;0.757 ;0;0;0
9f13cf7e7d7fdd1d30c1220707501993;minipregunta-3;3;4;CONJUNTA;3;4;CONJUNTA;;;;4 2 ;4 2 ;4 2 ;0.544 0.521 ;0.823 0.787 ;0.824 0.786 ;0 0 ;0 0 ;0 0 
9f13cf7e7d7fdd1d30c1220707501993;minipregunta-4;0;;NINGUNA;0;;NINGUNA;;;;4 1 ;4 1 3 ;1 4 3 ;0.592 0.548 ;0.826 0.821 0.781 ;0.827 0.826 0.78 ;0 0 ;0 0 0 ;0 0 0 
6fd0cef8b483042e59a31e48ccd7b55c;minipregunta-1;1;;;1;;;;;;1 6 3 ;1 6 ;1 6 ;0.665 0.622 0.596 ;0.943 0.869 ;0.941 0.868 ;1 6 0 ;1 0 ;1 0 
6fd0cef8b483042e59a31e48ccd7b55c;minipregunta-2;5;;;5;;;;;;1;6 1 ;6 1 ;0.457 ;0.811 0.793 ;0.811 0.793 ;0;0 0 ;0 0 
6fd0cef8b483042e59a31e48ccd7b55c;minipregunta-3;6;4;;6;;;;;;6;6;6;0.703 ;0.938 ;0.937 ;6;6;6
6fd0cef8b483042e59a31e48ccd7b55c;minipregunta-4;0;;NINGUNA;0;;NINGUNA;;;;1;1 6 5 ;1 6 5 ;0.763 ;0.92 0.879 0.853 ;0.922 0.879 0.851 ;1;1 6 0 ;1 6 0 
10cafedb98461e0cc713b7e186bb343d;minipregunta-1;1;;;1;;;;;;1;1 2 ;1 2 ;0.676 ;0.88 0.833 ;0.879 0.838 ;1;1 0 ;1 0 
10cafedb98461e0cc713b7e186bb343d;minipregunta-2;1;;;1;;;;;;1;1;1;0.488 ;0.846 ;0.846 ;0;0;0
10cafedb98461e0cc713b7e186bb343d;minipregunta-3;1;;;1;;;;;;1 2 ;1;1;0.716 0.689 ;0.928 ;0.925 ;1 2 ;1;1
10cafedb98461e0cc713b7e186bb343d;minipregunta-4;2;;;2;;;;;;1 2 ;2 1 ;2 1 ;0.665 0.605 ;0.89 0.888 ;0.891 0.889 ;1 0 ;2 1 ;2 1 
45cc2481407de2e39e65d84dbe9a36bb;minipregunta-1;1;;;1;;;;;;1;1;1;0.74 ;0.951 ;0.95 ;1;1;1
45cc2481407de2e39e65d84dbe9a36bb;minipregunta-2;2;;;2;;;;;;2;1 3 ;1;0.597 ;0.805 0.731 ;0.807 ;0;0 0 ;0
45cc2481407de2e39e65d84dbe9a36bb;minipregunta-3;3;;;3;;;;;;4 3 1 ;3 4 1 ;3 4 1 ;0.687 0.671 0.664 ;0.909 0.88 0.852 ;0.911 0.879 0.845 ;4 3 1 ;3 4 0 ;3 4 0 
45cc2481407de2e39e65d84dbe9a36bb;minipregunta-4;4;;;4;;;;;;4 1 ;1 4 ;1 4 ;0.685 0.657 ;0.897 0.884 ;0.896 0.883 ;4 1 ;1 4 ;1 4 
12e04dc237e84fb96ae79107c483c380;minipregunta-1;1;;;1;;;;;;1;1;1 4 ;0.685 ;0.85 ;0.849 0.774 ;1;0;0 0 
12e04dc237e84fb96ae79107c483c380;minipregunta-2;2;3;CONJUNTA;2;3;CONJUNTA;;;;1;4 1 ;4 1 ;0.479 ;0.8 0.741 ;0.8 0.741 ;0;0 0 ;0 0 
12e04dc237e84fb96ae79107c483c380;minipregunta-3;5;;;5;;;;;;4;4 1 ;4 1 ;0.713 ;0.918 0.849 ;0.919 0.85 ;4;4 0 ;4 0 
12e04dc237e84fb96ae79107c483c380;minipregunta-4;6;;;6;;;;;;1;5 1 ;5 1 ;0.791 ;0.912 0.894 ;0.911 0.894 ;1;5 1 ;5 1 
cd6e6f55c5f29dadd7af0d590e68bdc1;minipregunta-1;1;;;1;;;;;;3 1 ;1 2 ;1 2 ;0.597 0.551 ;0.808 0.746 ;0.807 0.745 ;0 0 ;0 0 ;0 0 
cd6e6f55c5f29dadd7af0d590e68bdc1;minipregunta-2;2;;;2;;;;;;2;2 1 3 ;2 1 3 ;0.497 ;0.69 0.67 0.67 ;0.691 0.671 0.671 ;0;0 0 0 ;0 0 0 
cd6e6f55c5f29dadd7af0d590e68bdc1;minipregunta-3;2;;;2;;;;;;2 1 ;2 1 ;2 1 ;0.555 0.502 ;0.88 0.865 ;0.882 0.865 ;0 0 ;2 0 ;2 0 
cd6e6f55c5f29dadd7af0d590e68bdc1;minipregunta-4;3;;;3;;;;;;3 1 ;1 3 ;1 3 ;0.781 0.712 ;0.897 0.863 ;0.896 0.864 ;3 1 ;1 0 ;1 0 
de5298c05b3228e27288d4bad0d259b5;minipregunta-1;1;;;1;;;;;;1 2 ;2 1 ;2 1 ;0.664 0.621 ;0.839 0.776 ;0.837 0.776 ;1 2 ;0 0 ;0 0 
de5298c05b3228e27288d4bad0d259b5;minipregunta-2;2;;;2;;;;;;2;2 1 ;2 1 ;0.467 ;0.774 0.747 ;0.773 0.749 ;0;0 0 ;0 0 
de5298c05b3228e27288d4bad0d259b5;minipregunta-3;2;;;2;;;;;;2;2;2;0.721 ;0.93 ;0.93 ;2;2;2
de5298c05b3228e27288d4bad0d259b5;minipregunta-4;2;;;2;;;;;;1 2 ;1 2 ;1 2 ;0.674 0.611 ;0.887 0.88 ;0.886 0.88 ;1 0 ;1 2 ;1 2 
809380c58fbf2d187a3ebff91f37b229;minipregunta-1;1;;;1;;;;;;1 7 ;5;5;0.71 0.675 ;0.91 ;0.911 ;1 7 ;5;5
809380c58fbf2d187a3ebff91f37b229;minipregunta-2;4;;;4;;;;;;4;1 7 ;1 7 ;0.705 ;0.891 0.817 ;0.889 0.817 ;4;1 0 ;1 0 
809380c58fbf2d187a3ebff91f37b229;minipregunta-3;3;5;CONJUNTA;3;5,6;CONJUNTA;;;;3 2 ;3 6 2 ;3 6 2 ;0.691 0.649 ;0.906 0.881 0.852 ;0.907 0.879 0.853 ;3 2 ;3 6 0 ;3 6 0 
809380c58fbf2d187a3ebff91f37b229;minipregunta-4;7;;;7;;;;;;7;2 5 7 ;2 5 7 ;0.665 ;0.836 0.793 0.793 ;0.833 0.798 0.796 ;7;0 0 0 ;0 0 0 
1e7e71f02edee795c440039bec2a9229;minipregunta-1;1;;;1;;;;;;1 4 ;1 4 ;1;0.675 0.621 ;0.919 0.845 ;0.918 ;1 4 ;1 0 ;1
1e7e71f02edee795c440039bec2a9229;minipregunta-2;2;;;2;;;;;;2;4 1 ;4 1 ;0.612 ;0.783 0.77 ;0.783 0.77 ;0;0 0 ;0 0 
1e7e71f02edee795c440039bec2a9229;minipregunta-3;3;;;3;;;;;;3;3 4 ;3 4 ;0.749 ;0.889 0.859 ;0.891 0.857 ;3;3 0 ;3 0 
1e7e71f02edee795c440039bec2a9229;minipregunta-4;4;;;4;;;;;;4;4 1 ;4 1 ;0.766 ;0.938 0.885 ;0.936 0.885 ;4;4 1 ;4 1 
1c349c3eb06025e5ccc0a215cc9ad35f;minipregunta-1;2;;;2;;;;;;1;1 4 ;1 4 ;0.705 ;0.925 0.894 ;0.921 0.894 ;1;1 4 ;1 4 
1c349c3eb06025e5ccc0a215cc9ad35f;minipregunta-2;3;;;3;;;;;;3;1 4 ;1 4 ;0.487 ;0.779 0.772 ;0.778 0.772 ;0;0 0 ;0 0 
1c349c3eb06025e5ccc0a215cc9ad35f;minipregunta-3;0;;NINGUNA;0;;NINGUNA;;;;3 1 2 ;4 3 ;4 3 ;0.609 0.607 0.547 ;0.846 0.8 ;0.843 0.797 ;0 0 0 ;0 0 ;0 0 
1c349c3eb06025e5ccc0a215cc9ad35f;minipregunta-4;4;;;4;;;;;;4 2 1 3 ;4 2 ;4 2 ;0.617 0.601 0.575 0.554 ;0.926 0.897 ;0.927 0.896 ;4 0 0 0 ;4 2 ;4 2 
035c2f163c323880b81f7ba756ef9989;minipregunta-1;2;;;2;;;;;;5 1 2 4 ;2 5 3 ;2 5 3 ;0.631 0.603 0.564 0.558 ;0.928 0.869 0.864 ;0.924 0.869 0.863 ;5 0 0 0 ;2 0 0 ;2 0 0 
035c2f163c323880b81f7ba756ef9989;minipregunta-2;3;;;3;;;;;;3 2 ;2;2;0.34 0.336 ;0.802 ;0.803 ;0 0 ;0;0
035c2f163c323880b81f7ba756ef9989;minipregunta-3;4;;;4;;;;;;4;4 1 2 ;4 1 2 ;0.659 ;0.902 0.836 0.835 ;0.902 0.836 0.832 ;4;4 0 0 ;4 0 0 
035c2f163c323880b81f7ba756ef9989;minipregunta-4;5;;;5;;;;;;5;5 3 ;5 3 ;0.763 ;0.955 0.885 ;0.956 0.886 ;5;5 3 ;5 3 
108bd04ed6e2ad2619970763de1776ef;minipregunta-1;0;;NINGUNA;0;;VACIA;;;;;;;;;;;;
108bd04ed6e2ad2619970763de1776ef;minipregunta-2;0;;NINGUNA;0;;VACIA;;;;;;;;;;;;
108bd04ed6e2ad2619970763de1776ef;minipregunta-3;0;;NINGUNA;0;;VACIA;;;;;;;;;;;;
108bd04ed6e2ad2619970763de1776ef;minipregunta-4;0;;NINGUNA;0;;VACIA;;;;;;;;;;;;
61d68c1e8cd66a2cff6b98a539a30d37;minipregunta-1;2;1;DUDA;2;1;DUDA;;;;1 5 6 ;4 2 1 ;4 2 1 ;0.635 0.626 0.576 ;0.887 0.882 0.866 ;0.887 0.88 0.866 ;1 5 0 ;4 2 0 ;4 2 0 
61d68c1e8cd66a2cff6b98a539a30d37;minipregunta-2;3;;;3;;;;;;3;4 3 2 5 ;4 3 2 5 ;0.665 ;0.817 0.795 0.783 0.768 ;0.817 0.795 0.783 0.768 ;3;0 0 0 0 ;0 0 0 0 
61d68c1e8cd66a2cff6b98a539a30d37;minipregunta-3;5;;;5;;;;;;5;5 3 4 2 ;5 3 4 2 ;0.78 ;0.938 0.93 0.891 0.869 ;0.94 0.931 0.892 0.867 ;5;5 3 4 0 ;5 3 4 0 
61d68c1e8cd66a2cff6b98a539a30d37;minipregunta-4;6;;;6;;;;;;6;2 1 6 ;2 1 6 ;0.738 ;0.933 0.908 0.903 ;0.933 0.909 0.901 ;6;2 1 6 ;2 1 6 
091cbf16b7d7bad3e5df864638c62903;minipregunta-1;2;1;CONJUNTA;1;;;;;;2 1 ;2 1 3 4 ;2 1 4 3 ;0.685 0.67 ;0.883 0.83 0.829 0.829 ;0.88 0.827 0.826 0.825 ;2 1 ;2 0 0 0 ;2 0 0 0 
091cbf16b7d7bad3e5df864638c62903;minipregunta-2;3;;;3;;;;;;3;2;2;0.549 ;0.841 ;0.841 ;0;0;0
091cbf16b7d7bad3e5df864638c62903;minipregunta-3;3;;;3;;;;;;2 3 ;3 1 4 ;3 1 4 ;0.739 0.682 ;0.896 0.883 0.856 ;0.895 0.881 0.853 ;2 3 ;3 1 0 ;3 1 0 
091cbf16b7d7bad3e5df864638c62903;minipregunta-4;4;;;4;;;;;;1 4 ;4 1 ;4 1 ;0.699 0.642 ;0.943 0.907 ;0.941 0.905 ;1 4 ;4 1 ;4 1 
e482f876fe630637ed1c6110c29ffe5c;minipregunta-1;7;;;7;;;;;;1 6 ;2 6 3 ;2 6 3 ;0.637 0.593 ;0.787 0.772 0.725 ;0.789 0.773 0.722 ;1 0 ;0 0 0 ;0 0 0 
e482f876fe630637ed1c6110c29ffe5c;minipregunta-2;2;3, 4;;2;3,4;CONJUNTA;;;;2;2 3 1 6 ;2 3 1 6 ;0.52 ;0.769 0.74 0.721 0.708 ;0.771 0.737 0.721 0.71 ;0;0 0 0 0 ;0 0 0 0 
e482f876fe630637ed1c6110c29ffe5c;minipregunta-3;6;;;6;5,7;CONJUNTA;;;;2 6 ;2 6 3 4 ;2 6 3 4 ;0.735 0.668 ;0.922 0.92 0.882 0.855 ;0.921 0.919 0.879 0.851 ;2 6 ;2 6 3 0 ;2 6 3 0 
e482f876fe630637ed1c6110c29ffe5c;minipregunta-4;8;9, 10;CONJUNTA;8;;;;;;8;8 10 2 6 7 ;8 10 2 6 7 ;0.724 ;0.87 0.84 0.834 0.825 0.82 ;0.864 0.834 0.833 0.822 0.814 ;8;0 0 0 0 0 ;0 0 0 0 0 
775baaf92e27ec5c2dd4636a2ebdcc6a;minipregunta-1;0;;VACIA;0;;VACIA;;;;;;;;;;;;
775baaf92e27ec5c2dd4636a2ebdcc6a;minipregunta-2;0;;VACIA;0;;VACIA;;;;;;;;;;;;
775baaf92e27ec5c2dd4636a2ebdcc6a;minipregunta-3;0;;VACIA;0;;VACIA;;;;;;;;;;;;
775baaf92e27ec5c2dd4636a2ebdcc6a;minipregunta-4;0;;VACIA;0;;VACIA;;;;;;;;;;;;
056bdb4edcb6f1fa3cb6e7ede99d87e6;minipregunta-1;3;1,2;CONJUNTA;3;1,2;CONJUNTA;;;;8;1 5 8 ;1 5 8 9 ;0.757 ;0.863 0.848 0.838 ;0.859 0.848 0.837 0.785 ;8;0 0 0 ;0 0 0 0 
056bdb4edcb6f1fa3cb6e7ede99d87e6;minipregunta-2;4;;;4;;;;;;4;8 7 4 1 5 ;8 7 4 1 5 ;0.65 ;0.854 0.844 0.807 0.79 0.781 ;0.854 0.844 0.807 0.789 0.781 ;4;0 0 0 0 0 ;0 0 0 0 0 
056bdb4edcb6f1fa3cb6e7ede99d87e6;minipregunta-3;6;;;6;7;CONJUNTA;;;;5 6 9 3 4 ;5 3 4 7 ;5 3 4 7 ;0.659 0.653 0.649 0.64 0.595 ;0.951 0.91 0.908 0.899 ;0.953 0.909 0.904 0.897 ;5 6 9 3 0 ;5 3 4 7 ;5 3 4 7 
056bdb4edcb6f1fa3cb6e7ede99d87e6;minipregunta-4;8;9;CONJUNTA;8;9;CONJUNTA;;;;8;9 8 2 1 5 ;9 8 2 1 5 ;0.782 ;0.895 0.867 0.862 0.846 0.836 ;0.894 0.869 0.862 0.842 0.835 ;8;9 0 0 0 0 ;9 0 0 0 0 
9865961c9c88f130777ac271505834de;minipregunta-1;2;;;2;;;;;;1 2 ;5 1 ;5 1 ;0.602 0.57 ;0.9 0.872 ;0.897 0.87 ;0 0 ;5 0 ;5 0 
9865961c9c88f130777ac271505834de;minipregunta-2;3;;;3;;;;;;1 4 ;1;1;0.444 0.376 ;0.882 ;0.885 ;0 0 ;1;1
9865961c9c88f130777ac271505834de;minipregunta-3;0;;NINGUNA;4;;;;;;4;1;1;0.656 ;0.921 ;0.918 ;4;1;1
9865961c9c88f130777ac271505834de;minipregunta-4;5;6;CONJUNTA;5;6;CONJUNTA;;;;5 6 1 ;5 6 1 2 ;6 5 1 2 ;0.564 0.514 0.494 ;0.848 0.848 0.829 0.797 ;0.848 0.837 0.824 0.793 ;0 0 0 ;0 0 0 0 ;0 0 0 0 
624a61346ee721323b887af8fed7eac7;minipregunta-1;1;2,3;CONJUNTA;1;;;;;;3 9 1 ;2 9 3 10 4 ;2 9 3 10 4 ;0.662 0.615 0.591 ;0.906 0.882 0.88 0.879 0.864 ;0.905 0.88 0.877 0.875 0.866 ;3 0 0 ;2 9 3 10 0 ;2 9 3 0 0 
624a61346ee721323b887af8fed7eac7;minipregunta-2;5;;;5;6;CONJUNTA;;;;5 3 ;4 3 10 5 9 ;4 3 10 5 9 ;0.584 0.567 ;0.817 0.814 0.813 0.769 0.757 ;0.817 0.815 0.814 0.77 0.761 ;0 0 ;0 0 0 0 0 ;0 0 0 0 0 
624a61346ee721323b887af8fed7eac7;minipregunta-3;7;;;7;6,8;CONJUNTA;;;;3 6 ;4 5 6 10 ;4 5 6 10 ;0.699 0.659 ;0.928 0.925 0.911 0.896 ;0.929 0.927 0.912 0.893 ;3 6 ;4 5 6 10 ;4 5 6 10 
624a61346ee721323b887af8fed7eac7;minipregunta-4;9;10;CONJUNTA;9;10;CONJUNTA;;;;9 2 ;9 10 3 2 ;9 10 3 2 ;0.669 0.627 ;0.936 0.895 0.884 0.871 ;0.936 0.893 0.886 0.872 ;9 2 ;9 10 3 0 ;9 10 3 0 
8cabafe2ca75e7c5847243dd2d7726e9;minipregunta-1;1;;;1;;;;;;1;6 7 5 1 ;6 7 5 1 ;0.702 ;0.887 0.876 0.872 0.854 ;0.887 0.88 0.871 0.855 ;1;6 7 0 0 ;6 7 0 0 
8cabafe2ca75e7c5847243dd2d7726e9;minipregunta-2;2;3;CONJUNTA;2;3;CONJUNTA;;;;4 3 5 ;5;5;0.579 0.533 0.504 ;0.866 ;0.866 ;0 0 0 ;0;0
8cabafe2ca75e7c5847243dd2d7726e9;minipregunta-3;4;;;4;;;;;;4 8 1 5 ;4 8 3 ;4 8 3 ;0.585 0.583 0.577 0.549 ;0.928 0.873 0.867 ;0.928 0.871 0.869 ;0 0 0 0 ;4 0 0 ;4 0 0 
8cabafe2ca75e7c5847243dd2d7726e9;minipregunta-4;5;6,7;CONJUNTA;5;6,7,8;CONJUNTA;;;;8 6 1 ;8 7 6 1 ;7 8 6 1 ;0.621 0.62 0.604 ;0.912 0.91 0.889 0.852 ;0.914 0.912 0.89 0.855 ;8 6 0 ;8 7 6 0 ;7 8 6 0 
eef1f460ffd371c2e5c20d78f148817f;minipregunta-1;0;;NINGUNA;0;;NINGUNA;;;;3 1 ;2 1 3 ;2 1 3 ;0.561 0.531 ;0.757 0.75 0.713 ;0.755 0.751 0.713 ;0 0 ;0 0 0 ;0 0 0 
eef1f460ffd371c2e5c20d78f148817f;minipregunta-2;2;;;2;;;;;;1 2 ;3;3;0.407 0.354 ;0.708 ;0.708 ;0 0 ;0;0
eef1f460ffd371c2e5c20d78f148817f;minipregunta-3;3;;;3;;;;;;3;3;3;0.695 ;0.913 ;0.913 ;3;3;3
eef1f460ffd371c2e5c20d78f148817f;minipregunta-4;0;;NINGUNA;0;;NINGUNA;;;;1;1;1;0.71 ;0.881 ;0.877 ;1;1;1
0cd0c28390bdb06bc0b84f864bc066c5;minipregunta-1;0;;NINGUNA;0;;VACIA;;;;;;;;;;;;
0cd0c28390bdb06bc0b84f864bc066c5;minipregunta-2;0;;NINGUNA;0;;VACIA;;;;;;;;;;;;
0cd0c28390bdb06bc0b84f864bc066c5;minipregunta-3;0;;NINGUNA;0;;VACIA;;;;;;;;;;;;
0cd0c28390bdb06bc0b84f864bc066c5;minipregunta-4;0;;NINGUNA;0;;VACIA;;;;;;;;;;;;
b987f8fb47ae6497f73ee45146d8b75a;minipregunta-1;1;;;1;;;;;;6 3 1 ;1 6 3 ;1 6 3 ;0.734 0.677 0.675 ;0.886 0.874 0.811 ;0.885 0.871 0.814 ;6 3 1 ;1 0 0 ;1 0 0 
b987f8fb47ae6497f73ee45146d8b75a;minipregunta-2;2;;;2;;;;;;2 4 ;5 4 6 ;5 4 6 ;0.42 0.358 ;0.741 0.708 0.705 ;0.748 0.708 0.701 ;0 0 ;0 0 0 ;0 0 0 
b987f8fb47ae6497f73ee45146d8b75a;minipregunta-3;4;5;DUDA;4;5;DUDA;;;;4 6 ;5 4 ;5 4 ;0.647 0.579 ;0.913 0.909 ;0.922 0.91 ;4 0 ;5 4 ;5 4 
b987f8fb47ae6497f73ee45146d8b75a;minipregunta-4;7;;;7;;;;;;7 1 6 ;1 6 3 2 ;1 6 2 3 ;0.693 0.676 0.67 ;0.906 0.903 0.848 0.847 ;0.906 0.901 0.849 0.845 ;7 1 6 ;1 6 0 0 ;1 6 0 0 
89ad3f7cd8a0f565e72fb79af368ec39;minipregunta-1;1;;;1;;;;;;1;1;1;0.736 ;0.869 ;0.868 ;1;0;0
89ad3f7cd8a0f565e72fb79af368ec39;minipregunta-2;2;;;2;;;;;;2;1;1;0.552 ;0.765 ;0.765 ;0;0;0
89ad3f7cd8a0f565e72fb79af368ec39;minipregunta-3;0;;NINGUNA;0;;NINGUNA;;;;2 1 ;1 2 ;1 2 ;0.672 0.669 ;0.89 0.875 ;0.888 0.877 ;2 1 ;1 0 ;1 2 
89ad3f7cd8a0f565e72fb79af368ec39;minipregunta-4;0;;NINGUNA;0;;NINGUNA;;;;1 2 ;1 2 ;1 2 ;0.609 0.576 ;0.904 0.841 ;0.905 0.839 ;0 0 ;1 0 ;1 0 
ad1aa306048af72b3d93c48d382e7205;minipregunta-1;1;;;;;;1;;;1;1 2 ;1 2 ;0.703 ;0.875 0.814 ;0.875 0.81 ;1;0 0 ;0 0 
ad1aa306048af72b3d93c48d382e7205;minipregunta-2;1;;;;;;1;;;1 2 ;1 2 ;1 2 ;0.566 0.518 ;0.809 0.804 ;0.811 0.804 ;0 0 ;0 0 ;0 0 
ad1aa306048af72b3d93c48d382e7205;minipregunta-3;3;;;;;;3;;;1 2 ;2 1 ;2 1 ;0.686 0.65 ;0.899 0.894 ;0.897 0.892 ;1 2 ;2 1 ;2 1 
ad1aa306048af72b3d93c48d382e7205;minipregunta-4;0;;NINGUNA;;;;0;;NINGUNA;1;1 2 ;1 2 ;0.739 ;0.897 0.846 ;0.897 0.844 ;1;1 0 ;1 0 
208d7d7d84e0b19d8f001773337b4f52;minipregunta-1;1;;;;;;1;;;6 5 1 ;6 4 1 5 ;6 4 1 5 ;0.66 0.613 0.608 ;0.85 0.808 0.803 0.796 ;0.848 0.807 0.802 0.796 ;6 0 0 ;0 0 0 0 ;0 0 0 0 
208d7d7d84e0b19d8f001773337b4f52;minipregunta-2;2;3;CONJUNTA;;;;2;3;CONJUNTA;3;6;6;0.799 ;0.852 ;0.851 ;3;0;0
208d7d7d84e0b19d8f001773337b4f52;minipregunta-3;4;;;;;;4;5;CONJUNTA;4 5 6 ;4 6 5 ;4 6 5 ;0.72 0.675 0.646 ;0.917 0.9 0.844 ;0.917 0.899 0.845 ;4 5 6 ;4 6 0 ;4 6 0 
208d7d7d84e0b19d8f001773337b4f52;minipregunta-4;6;;;;;;6;;;1 6 5 ;1 5 6 ;1 5 6 ;0.718 0.711 0.655 ;0.89 0.861 0.83 ;0.887 0.859 0.832 ;1 6 5 ;1 0 0 ;1 0 0 
6481bb938829a9dd38a1a52c097c5126;minipregunta-1;1;;;;;;1;;;5;1 5 ;1 5 ;0.725 ;0.824 0.817 ;0.823 0.813 ;5;0 0 ;0 0 
6481bb938829a9dd38a1a52c097c5126;minipregunta-2;1;;;;;;2;;;1;1 3 ;1 3 ;0.463 ;0.727 0.72 ;0.728 0.723 ;0;0 0 ;0 0 
6481bb938829a9dd38a1a52c097c5126;minipregunta-3;3;4;CONJUNTA;;;;5;6;CONJUNTA;3 1 ;3 1 ;3 1 ;0.652 0.627 ;0.903 0.845 ;0.908 0.842 ;3 1 ;3 0 ;3 0 
6481bb938829a9dd38a1a52c097c5126;minipregunta-4;5;;;;;;7;;;5;1 5 ;1 5 ;0.782 ;0.916 0.877 ;0.915 0.872 ;5;1 5 ;1 0 
2f364b354aba0283902a93554f35f1a6;minipregunta-1;1;2;DUDA;;;;2;;;2 1 5 ;2;2;0.696 0.677 0.634 ;0.902 ;0.901 ;2 1 5 ;2;2
2f364b354aba0283902a93554f35f1a6;minipregunta-2;3;;;;;;3;;;5 3 4 ;2 1 ;2 1 ;0.377 0.347 0.325 ;0.782 0.769 ;0.782 0.77 ;0 0 0 ;0 0 ;0 0 
2f364b354aba0283902a93554f35f1a6;minipregunta-3;4;;;;;;4;;;1 4 5 ;1 2 ;1 2 ;0.596 0.586 0.569 ;0.895 0.873 ;0.893 0.874 ;0 0 0 ;1 0 ;1 0 
2f364b354aba0283902a93554f35f1a6;minipregunta-4;5;;;;;;5;;;2;5 2 1 ;5 2 1 ;0.78 ;0.932 0.88 0.863 ;0.935 0.883 0.863 ;2;5 2 0 ;5 2 0 
47335fa94919e97d7398189dafb3e5c0;minipregunta-1;1;2;CONJUNTA;;;;1;;;1;1 5 2 ;1 5 2 ;0.684 ;0.839 0.826 0.77 ;0.84 0.832 0.766 ;1;0 0 0 ;0 0 0 
47335fa94919e97d7398189dafb3e5c0;minipregunta-2;4;;;;;;4;;;4 2 ;5 4 2 ;5 4 2 ;0.377 0.358 ;0.721 0.719 0.678 ;0.723 0.718 0.679 ;0 0 ;0 0 0 ;0 0 0 
47335fa94919e97d7398189dafb3e5c0;minipregunta-3;0;;NINGUNA;;;;0;;NINGUNA;2 4 5 ;4;4;0.589 0.55 0.528 ;0.895 ;0.892 ;0 0 0 ;4;4
47335fa94919e97d7398189dafb3e5c0;minipregunta-4;5;;;;;;5;;;1;1 2 ;1 2 ;0.792 ;0.913 0.913 ;0.913 0.911 ;1;1 2 ;1 2 
e701e12a355a589e8777a54a88d7f0a4;minipregunta-1;3;1;;;;;3;1;;1;3 2 ;3;0.7 ;0.883 0.821 ;0.885 ;1;3 0 ;3
e701e12a355a589e8777a54a88d7f0a4;minipregunta-2;4;;;;;;4;;;4;4 5 ;4 5 ;0.631 ;0.777 0.76 ;0.774 0.76 ;4;0 0 ;0 0 
e701e12a355a589e8777a54a88d7f0a4;minipregunta-3;5;;;;;;;;NINGUNA;5 4 ;5 3 ;5 3 ;0.662 0.59 ;0.89 0.842 ;0.892 0.835 ;5 0 ;5 0 ;5 0 
e701e12a355a589e8777a54a88d7f0a4;minipregunta-4;6;7;CONJUNTA;;;;6;;;3 1 6 ;3;3;0.707 0.662 0.635 ;0.928 ;0.927 ;3 1 6 ;3;3
bb6e55e505a6234731461f16493c4a61;minipregunta-1;1;;;;;;1;;;2 1 ;2;2;0.659 0.63 ;0.882 ;0.879 ;2 1 ;2;2
bb6e55e505a6234731461f16493c4a61;minipregunta-2;7;;;;;;7;;;7 8 ;2;2;0.569 0.534 ;0.862 ;0.862 ;0 0 ;0;0
bb6e55e505a6234731461f16493c4a61;minipregunta-3;8;;;;;;8;;;8 3 ;7 3 8 ;7 3 8 ;0.683 0.612 ;0.915 0.865 0.863 ;0.914 0.862 0.861 ;8 0 ;7 0 0 ;7 0 0 
bb6e55e505a6234731461f16493c4a61;minipregunta-4;5;6;CONJUNTA;;;;5;;;1 5 ;5 1 ;5 1 ;0.746 0.717 ;0.922 0.882 ;0.921 0.88 ;1 5 ;5 1 ;5 1 
658c5c5021a92cb8c740046cf06d663b;minipregunta-1;1;;;;;;1;;;3 4 1 ;4 1 2 ;4 1 2 ;0.612 0.582 0.567 ;0.905 0.887 0.857 ;0.902 0.885 0.857 ;0 0 0 ;4 1 0 ;4 1 0 
658c5c5021a92cb8c740046cf06d663b;minipregunta-2;2;;;;;;2;;;2;1 4 ;1 4 ;0.628 ;0.798 0.724 ;0.797 0.724 ;2;0 0 ;0 0 
658c5c5021a92cb8c740046cf06d663b;minipregunta-3;3;;;;;;3;;;3;3 1 ;3 1 ;0.717 ;0.921 0.907 ;0.922 0.904 ;3;3 1 ;3 1 
658c5c5021a92cb8c740046cf06d663b;minipregunta-4;4;;;;;;4;;;1 4 ;4 1 ;4 1 ;0.744 0.735 ;0.947 0.913 ;0.947 0.912 ;1 4 ;4 1 ;4 1 
b05a860f2007c94a3ee35a06752a5c14;minipregunta-1;1;3;CONJUNTA;;;;1;3;;3 7 1 ;3 1 ;3 1 ;0.711 0.709 0.708 ;0.937 0.9 ;0.938 0.898 ;3 7 1 ;3 1 ;3 1 
b05a860f2007c94a3ee35a06752a5c14;minipregunta-2;4;;;;;;4;;;4 5 ;2 3 ;2 3 ;0.463 0.457 ;0.776 0.714 ;0.776 0.715 ;0 0 ;0 0 ;0 0 
b05a860f2007c94a3ee35a06752a5c14;minipregunta-3;5;6;CONJUNTA;;;;5;6;CONJUNTA;5;4 5 7 ;4 5 7 ;0.672 ;0.881 0.877 0.833 ;0.88 0.879 0.832 ;5;4 5 0 ;4 5 0 
b05a860f2007c94a3ee35a06752a5c14;minipregunta-4;7;;;;;;7;;;7 1 ;3 7 1 4 5 ;3 7 1 4 5 ;0.773 0.718 ;0.909 0.901 0.895 0.877 0.844 ;0.913 0.901 0.895 0.873 0.841 ;7 1 ;3 7 1 4 0 ;3 7 1 0 0 
a5409a8056b395a7e740869a7cef05ae;minipregunta-1;1;;;;;;1;;;1 3 ;1;1 2 ;0.707 0.669 ;0.846 ;0.839 0.769 ;1 3 ;0;0 0 
a5409a8056b395a7e740869a7cef05ae;minipregunta-2;4;;;;;;4;;;5 6 ;1 8 ;1 8 ;0.498 0.429 ;0.791 0.743 ;0.789 0.743 ;0 0 ;0 0 ;0 0 
a5409a8056b395a7e740869a7cef05ae;minipregunta-3;8;;;;;;8;;;8;1 8 ;1 8 ;0.787 ;0.912 0.884 ;0.908 0.884 ;8;1 8 ;1 8 
a5409a8056b395a7e740869a7cef05ae;minipregunta-4;3;2;CONJUNTA;;;;3;;;1 2 ;1 2 ;1 2 3 ;0.669 0.609 ;0.862 0.834 ;0.857 0.838 0.784 ;1 0 ;0 0 ;0 0 0 
e131a20f658a452fbd1a650d01d4281f;minipregunta-1;1;;;;;;1;;;10 9 6 ;1 6 ;1 6 ;0.671 0.642 0.608 ;0.908 0.841 ;0.909 0.842 ;10 9 0 ;1 0 ;1 0 
e131a20f658a452fbd1a650d01d4281f;minipregunta-2;2;;;;;;2;;;2;2 4 ;2 4 ;0.662 ;0.857 0.811 ;0.857 0.812 ;2;0 0 ;0 0 
e131a20f658a452fbd1a650d01d4281f;minipregunta-3;6;;;;;;6;;;3 6 4 9 ;6 9 3 2 ;6 9 3 2 ;0.621 0.59 0.568 0.566 ;0.911 0.895 0.879 0.843 ;0.913 0.888 0.879 0.84 ;3 0 0 0 ;6 9 3 0 ;6 9 3 0 
e131a20f658a452fbd1a650d01d4281f;minipregunta-4;10;9;DUDA;;;;9;;;10 1 9 ;10 1 ;10 1 ;0.746 0.725 0.686 ;0.932 0.907 ;0.931 0.907 ;10 1 9 ;10 1 ;10 1 
f67d6366cd6c0b9e461783351902eefe;minipregunta-1;1;;;;;;1;;;1;1;1 5 ;0.663 ;0.895 ;0.893 0.82 ;1;1;1 0 
f67d6366cd6c0b9e461783351902eefe;minipregunta-2;2;;;;;;2;3;CONJUNTA;2;1 5 ;1 5 ;0.515 ;0.702 0.673 ;0.702 0.675 ;0;0 0 ;0 0 
f67d6366cd6c0b9e461783351902eefe;minipregunta-3;4;;;;;;4;;;4;5 4 2 3 1 ;5 4 2 3 ;0.679 ;0.839 0.824 0.815 0.77 0.765 ;0.837 0.821 0.814 0.769 ;4;0 0 0 0 0 ;0 0 0 0 
f67d6366cd6c0b9e461783351902eefe;minipregunta-4;5;;;;;;5;;;5;5 1 ;5 1 ;0.76 ;0.926 0.918 ;0.924 0.918 ;5;5 1 ;5 1 
445ce3bfcc3e0e2cff35aee3923f11b9;minipregunta-1;1;;;;;;1;;;1 7 9 ;1 9 10 6 ;1 9 10 ;0.613 0.571 0.547 ;0.894 0.867 0.837 0.821 ;0.895 0.869 0.837 ;0 0 0 ;1 0 0 0 ;1 0 0 
445ce3bfcc3e0e2cff35aee3923f11b9;minipregunta-2;4;;;;;;4;;;9 4 2 ;9 4 6 ;9 4 6 ;0.42 0.419 0.354 ;0.802 0.796 0.784 ;0.803 0.796 0.784 ;0 0 0 ;0 0 0 ;0 0 0 
445ce3bfcc3e0e2cff35aee3923f11b9;minipregunta-3;6;8;;;;;6;7;CONJUNTA;7;6 9 10 ;6 9 ;0.671 ;0.915 0.875 0.843 ;0.915 0.873 ;7;6 0 0 ;6 0 
445ce3bfcc3e0e2cff35aee3923f11b9;minipregunta-4;9;10;CONJUNTA;;;;9;;;9 1 6 8 3 ;10 9 1 2 6 ;9 10 1 2 6 ;0.546 0.544 0.535 0.502 0.499 ;0.907 0.905 0.875 0.85 0.841 ;0.906 0.905 0.876 0.847 0.839 ;0 0 0 0 0 ;10 9 0 0 0 ;9 10 1 0 0 
1168e7bb170ac71ee573c7771626e22e;minipregunta-1;1;;UNICA;;;;1;;UNICA;1;1;1;0.657 ;0.849 ;0.846 ;1;0;0
1168e7bb170ac71ee573c7771626e22e;minipregunta-2;1;;UNICA;;;;1;;UNICA;1;1;1;0.427 ;0.807 ;0.807 ;0;0;0
1168e7bb170ac71ee573c7771626e22e;minipregunta-3;1;;UNICA;;;;1;;UNICA;1;1;1;0.702 ;0.93 ;0.927 ;1;1;1
1168e7bb170ac71ee573c7771626e22e;minipregunta-4;1;;UNICA;;;;1;;UNICA;1;1;1;0.689 ;0.895 ;0.895 ;1;1;1
8c5cc3b9f270757567b8efadbc9cb506;minipregunta-1;1;;;;;;1;;;1;1;1;0.464 ;0.671 ;0.673 ;0;0;0
8c5cc3b9f270757567b8efadbc9cb506;minipregunta-2;1;;;;;;1;;;1;1;1;0.301 ;0.659 ;0.663 ;0;0;0
8c5cc3b9f270757567b8efadbc9cb506;minipregunta-3;1;;;;;;1;;;1;1;1;0.703 ;0.851 ;0.848 ;1;0;0
8c5cc3b9f270757567b8efadbc9cb506;minipregunta-4;2;;;;;;2;;;1;1;1;0.477 ;0.796 ;0.797 ;0;0;0
dd18b61a0949d36c24926ce347eaa5ef;minipregunta-1;3;1,2;CONJUNTA;;;;1;2, 3;;2 1 ;7 2 1 5 ;7 2 1 5 ;0.697 0.692 ;0.897 0.887 0.871 0.864 ;0.895 0.886 0.87 0.864 ;2 1 ;7 2 0 0 ;7 2 0 0 
dd18b61a0949d36c24926ce347eaa5ef;minipregunta-2;4;;;;;;4;;;4;4;4;0.841 ;0.9 ;0.9 ;4;4;4
dd18b61a0949d36c24926ce347eaa5ef;minipregunta-3;6;;;;;;6;;;3 1 5 ;2 6 5 1 ;2 6 5 1 ;0.716 0.689 0.647 ;0.898 0.897 0.882 0.866 ;0.895 0.895 0.868 0.866 ;3 1 5 ;2 6 5 0 ;2 6 0 0 
dd18b61a0949d36c24926ce347eaa5ef;minipregunta-4;7;;;;;;7;;;2 7 ;7 2 5 ;7 2 ;0.764 0.737 ;0.944 0.912 0.876 ;0.945 0.912 ;2 7 ;7 2 5 ;7 2 
a405e454b524415ebaa51ed8262f6555;minipregunta-1;1;;;;;;1;;;1 2 ;2;2;0.621 0.615 ;0.895 ;0.894 ;1 0 ;2;2
a405e454b524415ebaa51ed8262f6555;minipregunta-2;1;;;;;;1;;;1;2;2;0.482 ;0.879 ;0.879 ;0;2;2
a405e454b524415ebaa51ed8262f6555;minipregunta-3;1;;;;;;1;;;1;1 2 ;1 2 ;0.722 ;0.891 0.86 ;0.884 0.849 ;1;1 0 ;1 0 
a405e454b524415ebaa51ed8262f6555;minipregunta-4;2;;;;;;2;;;1;1 2 ;1 2 ;0.628 ;0.84 0.836 ;0.835 0.832 ;1;0 0 ;0 0 
5f4219073cdb4ab90af7fb878bde2ad9;minipregunta-1;1;;;;;;1;;;5 1 ;1 3 5 ;1 3 5 ;0.66 0.653 ;0.893 0.844 0.821 ;0.893 0.842 0.819 ;5 1 ;1 0 0 ;1 0 0 
5f4219073cdb4ab90af7fb878bde2ad9;minipregunta-2;2;;;;;;2;3;CONJUNTA;2;5;5;0.563 ;0.766 ;0.767 ;0;0;0
5f4219073cdb4ab90af7fb878bde2ad9;minipregunta-3;4;;;;;;4;;;4 5 ;4 5 ;4 5 ;0.695 0.672 ;0.885 0.845 ;0.882 0.839 ;4 5 ;4 0 ;4 0 
5f4219073cdb4ab90af7fb878bde2ad9;minipregunta-4;5;;;;;;5;;;5 1 ;1 5 3 ;1 5 3 ;0.732 0.701 ;0.897 0.879 0.862 ;0.899 0.878 0.858 ;5 1 ;1 5 0 ;1 5 0 
ffcbd8b01551819a4204e7d1e63dfef0;minipregunta-1;0;;VACIA;;;;0;;VACIA;;;;;;;;;
ffcbd8b01551819a4204e7d1e63dfef0;minipregunta-2;0;;VACIA;;;;0;;VACIA;;;;;;;;;
ffcbd8b01551819a4204e7d1e63dfef0;minipregunta-3;0;;VACIA;;;;0;;VACIA;;;;;;;;;
ffcbd8b01551819a4204e7d1e63dfef0;minipregunta-4;0;;VACIA;;;;0;;VACIA;;;;;;;;;
ed18042a7d02be0fd40259d047b3989e;minipregunta-1;2;3,4;CONJUNTA;;;;2;;;2 4 1 ;2;2;0.624 0.615 0.56 ;0.907 ;0.91 ;2 0 0 ;2;2
ed18042a7d02be0fd40259d047b3989e;minipregunta-2;3;;;;;;3;;;3;3 2 ;3 2 ;0.549 ;0.802 0.746 ;0.801 0.746 ;0;0 0 ;0 0 
ed18042a7d02be0fd40259d047b3989e;minipregunta-3;4;;;;;;0;;NINGUNA;2;3 4 2 ;3 4 ;0.656 ;0.915 0.883 0.841 ;0.915 0.883 ;2;3 4 0 ;3 4 
ed18042a7d02be0fd40259d047b3989e;minipregunta-4;1;;;;;;1;;;3 4 2 ;2 4 3 ;2 4 3 ;0.721 0.707 0.704 ;0.934 0.929 0.883 ;0.935 0.929 0.883 ;3 4 2 ;2 4 3 ;2 4 3 
03d07d645997a8aa7eb3d739a951dc77;minipregunta-1;1;;UNICA;;;;1;;UNICA;1;1;1;0.506 ;0.779 ;0.777 ;0;0;0
03d07d645997a8aa7eb3d739a951dc77;minipregunta-2;1;;UNICA;;;;1;;UNICA;1;1;1;0.263 ;0.687 ;0.687 ;0;0;0
03d07d645997a8aa7eb3d739a951dc77;minipregunta-3;0;;NINGUNA;;;;0;;NINGUNA;1;1;1;0.542 ;0.835 ;0.832 ;0;0;0
03d07d645997a8aa7eb3d739a951dc77;minipregunta-4;0;;NINGUNA;;;;0;;NINGUNA;1;1;1;0.532 ;0.891 ;0.889 ;0;1;1
e239ae9b09713136237396d968225eb0;minipregunta-1;1;2;;;;;2;1;;8 1 7 ;8 7 1 ;8 7 1 ;0.74 0.734 0.724 ;0.903 0.882 0.875 ;0.901 0.886 0.874 ;8 1 7 ;8 7 0 ;8 7 0 
e239ae9b09713136237396d968225eb0;minipregunta-2;3;;;;;;3;;;3;5 1 4 3 2 8 6 ;5 1 4 3 2 8 6 ;0.64 ;0.786 0.758 0.758 0.754 0.74 0.732 0.725 ;0.786 0.758 0.758 0.754 0.745 0.733 0.725 ;3;0 0 0 0 0 0 0 ;0 0 0 0 0 0 0 
e239ae9b09713136237396d968225eb0;minipregunta-3;6;;;;;;6;;;6 4 2 ;6 3 2 ;6 3 2 ;0.706 0.691 0.65 ;0.929 0.907 0.883 ;0.93 0.908 0.882 ;6 4 2 ;6 3 2 ;6 3 2 
e239ae9b09713136237396d968225eb0;minipregunta-4;7;8;CONJUNTA;;;;7;;;7 8 ;8 7 2 1 ;8 7 2 1 ;0.744 0.72 ;0.944 0.943 0.91 0.907 ;0.946 0.944 0.91 0.908 ;7 8 ;8 7 2 1 ;8 7 2 1 
aaba95ed456dd2e851afc04391b518bb;minipregunta-1;1;;;;;;1;;;1;1;1;0.662 ;0.876 ;0.876 ;1;1;1
aaba95ed456dd2e851afc04391b518bb;minipregunta-2;2;;;;;;2;;;3 1 ;3;3;0.342 0.287 ;0.798 ;0.798 ;0 0 ;0;0
aaba95ed456dd2e851afc04391b518bb;minipregunta-3;3;;;;;;3;;;3;3;3;0.713 ;0.921 ;0.918 ;3;3;3
aaba95ed456dd2e851afc04391b518bb;minipregunta-4;4;;;;;;4;;;4;4 2 1 ;4 2 1 ;0.783 ;0.904 0.85 0.833 ;0.9 0.842 0.837 ;4;4 0 0 ;4 0 0 
26cfe8db9961fe19b101548db9c9d3b4;minipregunta-1;1;;UNICA;;;;1;;;1;1;1;0.586 ;0.75 ;0.756 ;0;0;0
26cfe8db9961fe19b101548db9c9d3b4;minipregunta-2;1;;UNICA;;;;1;;;1;1;1;0.402 ;0.71 ;0.714 ;0;0;0
26cfe8db9961fe19b101548db9c9d3b4;minipregunta-3;1;;UNICA;;;;1;;;1;1;1;0.667 ;0.887 ;0.886 ;1;1;1
26cfe8db9961fe19b101548db9c9d3b4;minipregunta-4;1;;UNICA;;;;2;;;1;1;1;0.783 ;0.878 ;0.879 ;1;1;1
07dcf54484cec166857559a76ff4afe8;minipregunta-1;3;1,2;DUDA;;;;3;;;7 3 ;1 3 7 4 ;3 1 7 4 5 ;0.636 0.591 ;0.858 0.857 0.828 0.799 ;0.856 0.852 0.82 0.796 0.783 ;7 0 ;0 0 0 0 ;0 0 0 0 0 
07dcf54484cec166857559a76ff4afe8;minipregunta-2;5;;;;;;5;;;5;1 7 5 ;1 7 5 ;0.63 ;0.765 0.746 0.715 ;0.764 0.743 0.716 ;5;0 0 0 ;0 0 0 
07dcf54484cec166857559a76ff4afe8;minipregunta-3;6;;;;;;6;;;7 5 6 ;5 6 4 3 ;5 6 4 3 ;0.614 0.586 0.549 ;0.862 0.82 0.806 0.798 ;0.864 0.822 0.804 0.792 ;0 0 0 ;0 0 0 0 ;0 0 0 0 
07dcf54484cec166857559a76ff4afe8;minipregunta-4;7;;;;;;7;;;3 7 4 ;4 3 7 1 5 ;4 3 7 1 5 ;0.708 0.686 0.665 ;0.909 0.899 0.89 0.873 0.851 ;0.907 0.894 0.887 0.871 0.853 ;3 7 4 ;4 3 7 0 0 ;4 3 7 0 0 
9a938fd1b8fd01926c2ac3e9ebea8bad;minipregunta-1;1;;;;;;1;;;1;1;1;0.686 ;0.939 ;0.938 ;1;1;1
9a938fd1b8fd01926c2ac3e9ebea8bad;minipregunta-2;2;;;;;;2;;;1 3 ;1;1;0.419 0.346 ;0.833 ;0.833 ;0 0 ;0;0
9a938fd1b8fd01926c2ac3e9ebea8bad;minipregunta-3;3;;;;;;3;;;1 3 ;1 3 ;1 3 ;0.658 0.619 ;0.861 0.825 ;0.859 0.82 ;1 3 ;0 0 ;0 0 
9a938fd1b8fd01926c2ac3e9ebea8bad;minipregunta-4;4;;;;;;4;;;4;4 1 ;4 1 ;0.809 ;0.929 0.887 ;0.928 0.886 ;4;4 1 ;4 1 
64128cc76e7db51256e042661fff77cb;minipregunta-1;1;2;DUDA;;;;1;2;CONJUNTA;1;1 5 4 ;1 5 4 ;0.738 ;0.888 0.867 0.832 ;0.884 0.87 0.831 ;1;1 0 0 ;1 0 0 
64128cc76e7db51256e042661fff77cb;minipregunta-2;4;;;;;;4;;;4 3 ;4 3 1 ;4 3 1 ;0.555 0.487 ;0.852 0.848 0.817 ;0.852 0.85 0.815 ;0 0 ;0 0 0 ;0 0 0 
64128cc76e7db51256e042661fff77cb;minipregunta-3;3;;;;;;3;;;1 4 ;3 4 1 2 ;3 4 1 2 ;0.7 0.666 ;0.921 0.904 0.893 0.86 ;0.926 0.902 0.889 0.858 ;1 4 ;3 4 1 0 ;3 4 1 0 
64128cc76e7db51256e042661fff77cb;minipregunta-4;5;;;;;;5;;;5;5 1 4 ;5 1 4 ;0.796 ;0.933 0.897 0.886 ;0.936 0.894 0.886 ;5;5 1 4 ;5 1 4 
4f0da78d71f8c741ac8add282a1d1a77;minipregunta-1;2;1;DUDA;;;;1;2;;1 7 5 ;3 1 6 7 ;3 1 6 7 ;0.629 0.596 0.575 ;0.895 0.874 0.87 0.839 ;0.895 0.873 0.87 0.837 ;1 0 0 ;3 0 0 0 ;3 0 0 0 
4f0da78d71f8c741ac8add282a1d1a77;minipregunta-2;3;;;;;;3;;;3;3 1 7 5 ;3 1 7 5 ;0.704 ;0.823 0.797 0.766 0.764 ;0.823 0.796 0.766 0.758 ;3;0 0 0 0 ;0 0 0 0 
4f0da78d71f8c741ac8add282a1d1a77;minipregunta-3;6;;;;;;6;5;CONJUNTA;5;7 5 1 ;7 5 1 ;0.772 ;0.927 0.905 0.873 ;0.928 0.901 0.864 ;5;7 5 0 ;7 5 0 
4f0da78d71f8c741ac8add282a1d1a77;minipregunta-4;7;;;;;;7;;;7 1 ;7 1 2 6 3 ;7 1 6 2 3 ;0.744 0.698 ;0.909 0.898 0.888 0.884 0.87 ;0.909 0.9 0.887 0.885 0.874 ;7 1 ;7 1 2 6 0 ;7 1 6 2 0 
95e5332c0b0732e0e37f20f0367e8c15;minipregunta-1;3;;;;;;1;3;CONJUNTA;1 6 3 ;1 3 2 6 ;1 3 2 ;0.619 0.617 0.561 ;0.897 0.877 0.844 0.824 ;0.898 0.877 0.839 ;1 6 0 ;1 3 0 0 ;1 3 0 
95e5332c0b0732e0e37f20f0367e8c15;minipregunta-2;2;;;;;;2;4;CONJUNTA;4;2 1 ;2 1 ;0.49 ;0.822 0.8 ;0.822 0.8 ;0;0 0 ;0 0 
95e5332c0b0732e0e37f20f0367e8c15;minipregunta-3;5;;;;;;5;;;5 1 4 ;5 2 1 6 ;5 2 1 ;0.595 0.54 0.538 ;0.884 0.832 0.817 0.817 ;0.887 0.825 0.815 ;0 0 0 ;5 0 0 0 ;5 0 0 
95e5332c0b0732e0e37f20f0367e8c15;minipregunta-4;6;;;;;;6;;;6;6 3 1 ;6 3 1 ;0.843 ;0.944 0.879 0.872 ;0.942 0.879 0.877 ;6;6 3 0 ;6 3 1 
74dec6fac4e75042bbbc30f2a652ca27;minipregunta-1;1;;;;;;1;;;1 3 ;1 3 ;1 3 ;0.669 0.627 ;0.907 0.886 ;0.907 0.888 ;1 3 ;1 3 ;1 3 
74dec6fac4e75042bbbc30f2a652ca27;minipregunta-2;2;;;;;;2;;;2;3 2 1 ;3 2 1 ;0.586 ;0.762 0.761 0.742 ;0.765 0.76 0.743 ;0;0 0 0 ;0 0 0 
74dec6fac4e75042bbbc30f2a652ca27;minipregunta-3;2;;;;;;0;;NINGUNA;2 3 ;3 2 1 ;3 2 ;0.647 0.598 ;0.887 0.856 0.816 ;0.886 0.859 ;2 0 ;3 0 0 ;3 0 
74dec6fac4e75042bbbc30f2a652ca27;minipregunta-4;3;;;;;;3;;;3;3 4 1 ;3 4 1 ;0.736 ;0.914 0.913 0.891 ;0.917 0.913 0.886 ;3;3 4 1 ;3 4 1 
00f519bb9a67b464ecab71f3b57fe021;minipregunta-1;1;;UNICA;;;;1;;UNICA;1;1;1;0.705 ;0.852 ;0.853 ;1;0;0
00f519bb9a67b464ecab71f3b57fe021;minipregunta-2;1;;UNICA;;;;1;;UNICA;1;1;1;0.442 ;0.775 ;0.776 ;0;0;0
00f519bb9a67b464ecab71f3b57fe021;minipregunta-3;1;;UNICA;;;;1;;UNICA;1;1;1;0.704 ;0.89 ;0.885 ;1;1;1
00f519bb9a67b464ecab71f3b57fe021;minipregunta-4;1;;UNICA;;;;1;;UNICA;1;1;1;0.826 ;0.947 ;0.948 ;1;1;1
0bfec56634f5a93b60bd6d91cc142755;minipregunta-1;1;;;;;;1;;;5 1 ;1 5 3 ;1 5 3 ;0.683 0.645 ;0.841 0.837 0.832 ;0.841 0.837 0.831 ;5 1 ;0 0 0 ;0 0 0 
0bfec56634f5a93b60bd6d91cc142755;minipregunta-2;1;;;;;;1;;;3;3;3;0.554 ;0.836 ;0.833 ;0;0;0
0bfec56634f5a93b60bd6d91cc142755;minipregunta-3;3;2;DUDA;;;;3;4;CONJUNTA;3 5 ;3;3;0.678 0.617 ;0.96 ;0.962 ;3 5 ;3;3
0bfec56634f5a93b60bd6d91cc142755;minipregunta-4;5;;;;;;5;;;5;5;5;0.753 ;0.92 ;0.919 ;5;5;5
3f29a2e9a8d86cf4cf9e7d0d529f6da7;minipregunta-1;1;;;;;;1;;;10;11 13 12 1 ;11 13 12 ;0.754 ;0.844 0.801 0.778 0.77 ;0.849 0.803 0.777 ;10;0 0 0 0 ;0 0 0 
3f29a2e9a8d86cf4cf9e7d0d529f6da7;minipregunta-2;2;;;;;;2;;;5 2 13 6 ;13 7 ;13 7 ;0.517 0.476 0.473 0.472 ;0.821 0.787 ;0.825 0.787 ;0 0 0 0 ;0 0 ;0 0 
3f29a2e9a8d86cf4cf9e7d0d529f6da7;minipregunta-3;6;5;DUDA;;;;4;5,6;CONJUNTA;10 5 7 6 ;7 2 13 5 ;7 2 13 5 ;0.672 0.653 0.65 0.639 ;0.914 0.877 0.863 0.846 ;0.914 0.877 0.864 0.847 ;10 5 7 6 ;7 2 0 0 ;7 2 0 0 
3f29a2e9a8d86cf4cf9e7d0d529f6da7;minipregunta-4;10;11,12,13;CONJUNTA;;;;9;12;CONJUNTA;10;11 10 3 13 12 9 ;11 10 3 13 12 9 ;0.755 ;0.878 0.877 0.873 0.85 0.824 0.823 ;0.878 0.874 0.868 0.851 0.82 0.816 ;10;11 10 0 0 0 0 ;11 0 0 0 0 0 
3c1130e8d29cae8abb5a455841b1e32f;minipregunta-1;0;;VACIA;;;;0;;VACIA;;;;;;;;;
3c1130e8d29cae8abb5a455841b1e32f;minipregunta-2;0;;VACIA;;;;0;;VACIA;;;;;;;;;
3c1130e8d29cae8abb5a455841b1e32f;minipregunta-3;0;;VACIA;;;;0;;VACIA;;;;;;;;;
3c1130e8d29cae8abb5a455841b1e32f;minipregunta-4;0;;VACIA;;;;0;;VACIA;;;;;;;;;
98ac09b2c9328574afbefc706ab79ec2;minipregunta-1;0;;VACIA;;;;0;;VACIA;;;;;;;;;
98ac09b2c9328574afbefc706ab79ec2;minipregunta-2;0;;VACIA;;;;0;;VACIA;;;;;;;;;
98ac09b2c9328574afbefc706ab79ec2;minipregunta-3;0;;VACIA;;;;0;;VACIA;;;;;;;;;
98ac09b2c9328574afbefc706ab79ec2;minipregunta-4;0;;VACIA;;;;0;;VACIA;;;;;;;;;
4a03731e5be2b527de3a20d589889d05;minipregunta-1;2;;;;;;2;;;4 1 ;1 3 4 ;1 3 4 ;0.664 0.658 ;0.909 0.86 0.841 ;0.907 0.859 0.841 ;4 1 ;1 0 0 ;1 0 0 
4a03731e5be2b527de3a20d589889d05;minipregunta-2;2;;;;;;2;;;2;2 4 ;2 4 ;0.775 ;0.84 0.768 ;0.841 0.77 ;2;0 0 ;0 0 
4a03731e5be2b527de3a20d589889d05;minipregunta-3;6;;;;;;7;;;4 6 2 ;2 4 6 ;2 4 6 ;0.723 0.691 0.676 ;0.918 0.913 0.865 ;0.923 0.91 0.862 ;4 6 2 ;2 4 0 ;2 4 0 
4a03731e5be2b527de3a20d589889d05;minipregunta-4;1;;;;;;1;;;1;1;1;0.777 ;0.921 ;0.922 ;1;1;1
6dbbf920d25060b866774ec69c748628;minipregunta-1;1;2,4;;;;;1;4;CONJUNTA;4 1 ;4 1 ;4 1 ;0.721 0.691 ;0.916 0.855 ;0.916 0.852 ;4 1 ;4 0 ;4 0 
6dbbf920d25060b866774ec69c748628;minipregunta-2;5;;;;;;5;;;5 2 6 3 ;1 4 ;1 4 ;0.441 0.418 0.372 0.369 ;0.758 0.71 ;0.76 0.71 ;0 0 0 0 ;0 0 ;0 0 
6dbbf920d25060b866774ec69c748628;minipregunta-3;2;;;;;;2;;;2 4 1 ;2 1 4 ;2 1 4 ;0.661 0.638 0.605 ;0.877 0.867 0.823 ;0.876 0.864 0.818 ;2 4 0 ;2 0 0 ;2 0 0 
6dbbf920d25060b866774ec69c748628;minipregunta-4;6;;;;;;6;;;1 2 4 ;4 2 1 6 ;4 2 1 6 ;0.703 0.696 0.686 ;0.909 0.891 0.887 0.837 ;0.909 0.889 0.887 0.835 ;1 2 4 ;4 2 1 0 ;4 2 1 0 
d53c53e45fe8364078094fe28ec52c6f;minipregunta-1;1;;;;;;1;;;2 4 1 ;2 4 1 ;2 4 1 ;0.661 0.62 0.598 ;0.912 0.878 0.847 ;0.917 0.875 0.851 ;2 4 0 ;2 4 0 ;2 0 0 
d53c53e45fe8364078094fe28ec52c6f;minipregunta-2;3;;;;;;3;;;3;3 4 2 ;3 4 2 ;0.554 ;0.83 0.767 0.761 ;0.833 0.764 0.763 ;0;0 0 0 ;0 0 0 
d53c53e45fe8364078094fe28ec52c6f;minipregunta-3;4;;;;;;4;;;4;4 3 ;4;0.715 ;0.919 0.845 ;0.919 ;4;4 0 ;4
d53c53e45fe8364078094fe28ec52c6f;minipregunta-4;2;;;;;;2;;;2;2 1 ;2 1 ;0.764 ;0.951 0.919 ;0.952 0.916 ;2;2 1 ;2 1 
5def979393e9473da17fa9d72be3047c;minipregunta-1;1;;;;;;1;;;1;1;1;0.64 ;0.763 ;0.76 ;1;0;0
5def979393e9473da17fa9d72be3047c;minipregunta-2;1;;;;;;1;2;CONJUNTA;1 2 ;1;1;0.321 0.29 ;0.7 ;0.7 ;0 0 ;0;0
5def979393e9473da17fa9d72be3047c;minipregunta-3;2;;;;;;2;;;1;1 2 ;1 2 ;0.621 ;0.851 0.795 ;0.85 0.791 ;1;0 0 ;0 0 
5def979393e9473da17fa9d72be3047c;minipregunta-4;3;;;;;;3;;;1;1;1;0.658 ;0.862 ;0.86 ;1;0;0
e364b8a8d0183da2d9676d8907b95e55;minipregunta-1;1;2;CONJUNTA;;;;1;2;CONJUNTA;3 2 1 6 ;1 2 6 ;1 2 6 ;0.605 0.588 0.583 0.57 ;0.921 0.883 0.872 ;0.919 0.883 0.872 ;0 0 0 0 ;1 2 0 ;1 2 0 
e364b8a8d0183da2d9676d8907b95e55;minipregunta-2;4;;;;;;4;;;4;1;1;0.61 ;0.878 ;0.881 ;0;1;1
e364b8a8d0183da2d9676d8907b95e55;minipregunta-3;5;;;;;;5;;;5;5 1 6 ;5 1 6 ;0.735 ;0.895 0.882 0.857 ;0.894 0.878 0.856 ;5;5 1 0 ;5 1 0 
e364b8a8d0183da2d9676d8907b95e55;minipregunta-4;6;;;;;;6;;;6;6 2 ;6 2 ;0.767 ;0.954 0.92 ;0.953 0.921 ;6;6 2 ;6 2 
8a2ccc5ce40f8759e924ef742a836435;minipregunta-1;1;;;;;;1;;;5 1 ;5 1 ;5 1 ;0.703 0.691 ;0.899 0.842 ;0.899 0.841 ;5 1 ;5 0 ;5 0 
8a2ccc5ce40f8759e924ef742a836435;minipregunta-2;2;;;;;;2;;;2;2;2;0.693 ;0.863 ;0.863 ;2;0;0
8a2ccc5ce40f8759e924ef742a836435;minipregunta-3;4;;;;;;4;3;CONJUNTA;3 2 1 4 ;2 5 3 1 ;2 3 5 1 ;0.639 0.622 0.604 0.6 ;0.869 0.835 0.831 0.815 ;0.863 0.833 0.832 0.81 ;3 2 0 0 ;0 0 0 0 ;0 0 0 0 
8a2ccc5ce40f8759e924ef742a836435;minipregunta-4;5;;;;;;5;;;5;5 1 ;5 1 ;0.793 ;0.931 0.904 ;0.932 0.905 ;5;5 1 ;5 1 
6c474f1ce11f4c3c4afb5c683a46754c;minipregunta-1;1;2,4;CONJUNTA;;;;1;4;CONJUNTA;4 1 ;4 1 3 ;4 1 3 ;0.744 0.675 ;0.893 0.842 0.841 ;0.892 0.842 0.841 ;4 1 ;4 0 0 ;4 0 0 
6c474f1ce11f4c3c4afb5c683a46754c;minipregunta-2;5;;;;;;5;2;;5;3;3;0.72 ;0.786 ;0.786 ;5;0;0
6c474f1ce11f4c3c4afb5c683a46754c;minipregunta-3;3;;;;;;3;;;3 4 ;3;3;0.631 0.572 ;0.906 ;0.908 ;3 0 ;3;3
6c474f1ce11f4c3c4afb5c683a46754c;minipregunta-4;6;;;;;;6;;;4 1 ;4 1 ;4 1 ;0.755 0.688 ;0.914 0.883 ;0.913 0.884 ;4 1 ;4 1 ;4 1 
49c77c5e724159e06a73ab4c39dd151f;minipregunta-1;1;;;;;;1;;;1;1;1;0.695 ;0.942 ;0.94 ;1;1;1
49c77c5e724159e06a73ab4c39dd151f;minipregunta-2;2;;;;;;2;;;2;5 1 ;5 1 ;0.729 ;0.825 0.756 ;0.825 0.756 ;2;0 0 ;0 0 
49c77c5e724159e06a73ab4c39dd151f;minipregunta-3;6;;;;;;6;5;CONJUNTA;5 6 4 ;4 3 6 5 ;4 3 6 5 ;0.641 0.611 0.569 ;0.899 0.872 0.868 0.863 ;0.904 0.872 0.867 0.863 ;5 0 0 ;4 0 0 0 ;4 0 0 0 
49c77c5e724159e06a73ab4c39dd151f;minipregunta-4;6;;;;;;7;;;1 6 ;6 1 4 ;6 1 4 ;0.723 0.708 ;0.918 0.896 0.886 ;0.917 0.898 0.885 ;1 6 ;6 1 4 ;6 1 4 
e56baa913463e1c5a21df4f4e563c565;minipregunta-1;1;;;;;;1;;;4 3 ;4 7 3 2 1 ;4 7 3 2 1 ;0.657 0.585 ;0.88 0.85 0.848 0.831 0.822 ;0.876 0.847 0.845 0.832 0.822 ;4 0 ;4 0 0 0 0 ;4 0 0 0 0 
e56baa913463e1c5a21df4f4e563c565;minipregunta-2;2;;;;;;2;;;7 6 ;7 6 2 ;7 6 2 3 ;0.531 0.527 ;0.798 0.78 0.766 ;0.794 0.78 0.77 0.724 ;0 0 ;0 0 0 ;0 0 0 0 
e56baa913463e1c5a21df4f4e563c565;minipregunta-3;3;7;DUDA;;;;3;;;2 3 7 ;7 6 2 3 ;7 6 2 3 ;0.663 0.603 0.601 ;0.901 0.886 0.875 0.862 ;0.895 0.888 0.873 0.86 ;2 0 0 ;7 6 0 0 ;7 6 0 0 
e56baa913463e1c5a21df4f4e563c565;minipregunta-4;4;4,6;CONJUNTA;;;;4;5,6;CONJUNTA;3 4 ;4 3 2 7 1 ;4 2 3 7 1 ;0.75 0.696 ;0.946 0.917 0.916 0.898 0.878 ;0.944 0.917 0.915 0.897 0.877 ;3 4 ;4 3 2 7 1 ;4 2 3 7 1 
f30c84c7df0be18fcf8071ced17becb6;minipregunta-1;0;;VACIA;;;;0;;VACIA;;;;;;;;;
f30c84c7df0be18fcf8071ced17becb6;minipregunta-2;0;;VACIA;;;;0;;VACIA;;;;;;;;;
f30c84c7df0be18fcf8071ced17becb6;minipregunta-3;0;;VACIA;;;;0;;VACIA;;;;;;;;;
f30c84c7df0be18fcf8071ced17becb6;minipregunta-4;0;;VACIA;;;;0;;VACIA;;;;;;;;;
87192dc69be43d176c540bdd6407b37d;minipregunta-1;1;;;;;;1;;;3 1 4 ;3 4 ;3 4 ;0.64 0.595 0.577 ;0.919 0.906 ;0.919 0.907 ;3 0 0 ;3 4 ;3 4 
87192dc69be43d176c540bdd6407b37d;minipregunta-2;2;;;;;;2;;;2 1 ;3 2 1 ;3 2 1 ;0.508 0.457 ;0.787 0.752 0.73 ;0.787 0.752 0.73 ;0 0 ;0 0 0 ;0 0 0 
87192dc69be43d176c540bdd6407b37d;minipregunta-3;1;;;;;;1;;;1;3 1 2 ;1 3 2 ;0.638 ;0.886 0.885 0.839 ;0.886 0.886 0.837 ;1;3 1 0 ;1 3 0 
87192dc69be43d176c540bdd6407b37d;minipregunta-4;3;4;CONJUNTA;;;;3;4;;4 3 ;4 3 1 ;4 3 1 ;0.695 0.667 ;0.941 0.928 0.894 ;0.94 0.93 0.892 ;4 3 ;4 3 1 ;4 3 1 
3f5ddbb6dbe25fa126ae87bc11ea56f8;minipregunta-1;1;;;;;;1;;;1 3 ;3 1 ;3 1 ;0.637 0.631 ;0.843 0.804 ;0.841 0.804 ;1 3 ;0 0 ;0 0 
3f5ddbb6dbe25fa126ae87bc11ea56f8;minipregunta-2;1;;;;;;1;;;1;3 1 2 ;3 1 2 ;0.475 ;0.698 0.668 0.65 ;0.698 0.669 0.65 ;0;0 0 0 ;0 0 0 
3f5ddbb6dbe25fa126ae87bc11ea56f8;minipregunta-3;2;;;;;;2;;;2;2 1 3 ;2 1 ;0.708 ;0.871 0.854 0.798 ;0.872 0.853 ;2;0 0 0 ;0 0 
3f5ddbb6dbe25fa126ae87bc11ea56f8;minipregunta-4;3;;;;;;3;;;3;3;3;0.824 ;0.955 ;0.955 ;3;3;3
10dfa3454869bfae16fa1ada40d4eea0;minipregunta-1;1;;;;;;1;;;1;1;1;0.755 ;0.881 ;0.88 ;1;1;1
10dfa3454869bfae16fa1ada40d4eea0;minipregunta-2;2;;;;;;2;;;2;1 3 2 ;1 3 2 ;0.559 ;0.764 0.706 0.694 ;0.765 0.705 0.696 ;0;0 0 0 ;0 0 0 
10dfa3454869bfae16fa1ada40d4eea0;minipregunta-3;2;;;;;;2;;;1 2 ;2 1 ;2 1 ;0.711 0.697 ;0.9 0.859 ;0.898 0.857 ;1 2 ;2 0 ;2 0 
10dfa3454869bfae16fa1ada40d4eea0;minipregunta-4;3;;;;;;3;;;3;1 3 ;1 3 ;0.779 ;0.929 0.927 ;0.929 0.928 ;3;1 3 ;1 3 
cc74af2802f44d4dd32ff43c7035e086;minipregunta-1;;;;1;;;1;;;7 1 ;7 1 ;7 1 ;0.715 0.704 ;0.898 0.858 ;0.897 0.856 ;7 1 ;7 0 ;7 0 
cc74af2802f44d4dd32ff43c7035e086;minipregunta-2;;;;3;;;3;;;3;7;7;0.666 ;0.834 ;0.834 ;3;0;0
cc74af2802f44d4dd32ff43c7035e086;minipregunta-3;;;;6;;;6;7;CONJUNTA;3 1 ;6 7 5 3 2 ;6 7 5 3 2 ;0.675 0.601 ;0.875 0.872 0.848 0.84 0.829 ;0.879 0.871 0.843 0.834 0.826 ;3 0 ;0 0 0 0 0 ;6 0 0 0 0 
cc74af2802f44d4dd32ff43c7035e086;minipregunta-4;;;;7;;;8;;;7;7 5 2 ;7 5 2 ;0.767 ;0.925 0.882 0.853 ;0.926 0.882 0.853 ;7;7 5 0 ;7 5 0 
ed586e8c64310604e81c09eab76f45e3;minipregunta-1;;;;3;;;3;;;3;3 1 ;3 1 ;0.748 ;0.844 0.786 ;0.839 0.787 ;3;0 0 ;0 0 
ed586e8c64310604e81c09eab76f45e3;minipregunta-2;;;;1;2;CONJUNTA;1;;;1 4 ;4 1 2 3 ;4 1 2 3 ;0.449 0.382 ;0.723 0.714 0.676 0.672 ;0.721 0.714 0.676 0.671 ;0 0 ;0 0 0 0 ;0 0 0 0 
ed586e8c64310604e81c09eab76f45e3;minipregunta-3;;;;4;;;4;;;4;4 2 3 ;4 2 3 ;0.688 ;0.861 0.832 0.802 ;0.855 0.834 0.786 ;4;0 0 0 ;0 0 0 
ed586e8c64310604e81c09eab76f45e3;minipregunta-4;;;;4;;;4;;;4;4 3 ;4 3 ;0.709 ;0.83 0.79 ;0.827 0.783 ;4;0 0 ;0 0 
892adc9386a49de46f5640a0c9fade47;minipregunta-1;;;;1;;;1;;;1;1;1;0.681 ;0.929 ;0.929 ;1;1;1
892adc9386a49de46f5640a0c9fade47;minipregunta-2;;;;2;;;2;;;2;5 4 2 ;5 4 2 ;0.602 ;0.798 0.795 0.749 ;0.797 0.796 0.749 ;0;0 0 0 ;0 0 0 
892adc9386a49de46f5640a0c9fade47;minipregunta-3;;;;3;;;3;;;4 3 5 ;2 5 4 ;2 5 4 ;0.661 0.645 0.588 ;0.913 0.899 0.893 ;0.915 0.895 0.889 ;4 3 0 ;2 5 4 ;2 5 4 
892adc9386a49de46f5640a0c9fade47;minipregunta-4;;;;4;5;CONJUNTA;4;;;1;1 4 ;1 4 ;0.711 ;0.875 0.855 ;0.874 0.851 ;1;0 0 ;0 0 
d2b0d015ec81981be5ac318b6ff2c30e;minipregunta-1;;;;8;1;DUDA;1;8;CONJUNTA;1 9 8 5 ;1 5 ;1 5 ;0.619 0.617 0.603 0.586 ;0.904 0.857 ;0.9 0.855 ;1 9 0 0 ;1 0 ;1 0 
d2b0d015ec81981be5ac318b6ff2c30e;minipregunta-2;;;;3;;;3;;;4 3 8 ;1;1;0.463 0.409 0.4 ;0.909 ;0.91 ;0 0 0 ;1;1
d2b0d015ec81981be5ac318b6ff2c30e;minipregunta-3;;;;6;7;CONJUNTA;6;7;CONJUNTA;4 8 6 9 5 ;4 8 6 7 1 ;4 8 6 7 1 ;0.569 0.566 0.555 0.543 0.509 ;0.873 0.863 0.856 0.838 0.81 ;0.871 0.86 0.856 0.839 0.805 ;0 0 0 0 0 ;0 0 0 0 0 ;0 0 0 0 0 
d2b0d015ec81981be5ac318b6ff2c30e;minipregunta-4;;;;9;;;9;;;9;5 9 8 7 ;5 9 8 7 ;0.753 ;0.893 0.89 0.861 0.845 ;0.893 0.89 0.859 0.843 ;9;5 9 0 0 ;5 9 0 0 
91eb29ee999b738cac9b15b339cc79e1;minipregunta-1;;;;1;;;1;;;2 1 ;2;2;0.551 0.54 ;0.878 ;0.878 ;0 0 ;2;2
91eb29ee999b738cac9b15b339cc79e1;minipregunta-2;;;;1;;;1;;;1;1;1;0.659 ;0.788 ;0.787 ;1;0;0
91eb29ee999b738cac9b15b339cc79e1;minipregunta-3;;;;1;;;1;;;1;1;1;0.688 ;0.888 ;0.884 ;1;1;1
91eb29ee999b738cac9b15b339cc79e1;minipregunta-4;;;;2;;;2;;;2;2;2;0.671 ;0.904 ;0.904 ;2;2;2
79afddaced6c773e45347fd7982fb54d;minipregunta-1;;;;1;4;CONJUNTA;1;4;CONJUNTA;4 7 ;4;4;0.748 0.693 ;0.916 ;0.918 ;4 7 ;4;4
79afddaced6c773e45347fd7982fb54d;minipregunta-2;;;;6;;;6;;;6;7 2 1 4 6 5 ;7 1 2 4 6 5 ;0.555 ;0.709 0.701 0.699 0.674 0.657 0.651 ;0.712 0.701 0.699 0.675 0.657 0.651 ;0;0 0 0 0 0 0 ;0 0 0 0 0 0 
79afddaced6c773e45347fd7982fb54d;minipregunta-3;;;;2;;;2;;;2 7 4 ;2 1 ;2 1 ;0.65 0.612 0.611 ;0.893 0.84 ;0.893 0.838 ;2 0 0 ;2 0 ;2 0 
79afddaced6c773e45347fd7982fb54d;minipregunta-4;;;;7;;;7;;;7 4 2 ;4 7 1 2 ;4 7 1 2 ;0.744 0.687 0.673 ;0.921 0.914 0.88 0.871 ;0.921 0.914 0.879 0.867 ;7 4 2 ;4 7 1 0 ;4 7 1 0 
403a05fd0bcd4addf67ce479533c4159;minipregunta-1;;;;1;;;1;;;7 1 5 ;1 7 ;1 7 2 ;0.632 0.617 0.607 ;0.89 0.859 ;0.889 0.858 0.815 ;7 1 0 ;1 0 ;1 0 0 
403a05fd0bcd4addf67ce479533c4159;minipregunta-2;;;;1;2,3,4;CONJUNTA;1;2,3,4,;CONJUNTA;2 5 ;5 2 1 4 ;5 2 1 4 ;0.425 0.368 ;0.776 0.729 0.714 0.712 ;0.767 0.73 0.714 0.712 ;0 0 ;0 0 0 0 ;0 0 0 0 
403a05fd0bcd4addf67ce479533c4159;minipregunta-3;;;;5;6;CONJUNTA;5;6;CONJUNTA;5;5 4 2 ;5 4 2 ;0.76 ;0.941 0.898 0.884 ;0.939 0.899 0.887 ;5;5 4 2 ;5 4 2 
403a05fd0bcd4addf67ce479533c4159;minipregunta-4;;;;7;;;7;;;7;7 1 ;7 1 ;0.816 ;0.956 0.912 ;0.955 0.912 ;7;7 1 ;7 1 
c7daf68382ba769cc135ad1301141fb8;minipregunta-1;;;;1;;;1;;;1;1;1;0.628 ;0.855 ;0.853 ;1;0;0
c7daf68382ba769cc135ad1301141fb8;minipregunta-2;;;;2;;;2;;;2 4 ;1;1;0.59 0.53 ;0.884 ;0.884 ;0 0 ;1;1
c7daf68382ba769cc135ad1301141fb8;minipregunta-3;;;;3;4;CONJUNTA;3;4,2;CONJUNTA;4 1 ;1 6 4 5 2 ;1 6 4 5 2 ;0.673 0.63 ;0.898 0.886 0.879 0.862 0.854 ;0.898 0.887 0.883 0.862 0.85 ;4 1 ;1 6 4 0 0 ;1 6 4 0 0 
c7daf68382ba769cc135ad1301141fb8;minipregunta-4;;;;6;;;6;;;6 1 ;6 5 1 ;6 5 1 ;0.662 0.62 ;0.89 0.845 0.823 ;0.889 0.844 0.824 ;6 1 ;6 0 0 ;6 0 0 
a0322a28d3898a031798a6cee6af4178;minipregunta-1;;;;1;;;1;;;1 4 ;5 4 1 ;5 4 1 ;0.566 0.534 ;0.825 0.777 0.755 ;0.824 0.776 0.753 ;0 0 ;0 0 0 ;0 0 0 
a0322a28d3898a031798a6cee6af4178;minipregunta-2;;;;2;;;2;;;4;4;4;0.482 ;0.843 ;0.843 ;0;0;0
a0322a28d3898a031798a6cee6af4178;minipregunta-3;;;;4;;;4;;;4;4 5 ;4 5 ;0.66 ;0.903 0.856 ;0.904 0.855 ;4;4 0 ;4 0 
a0322a28d3898a031798a6cee6af4178;minipregunta-4;;;;5;;;5;;;1 4 ;5;5;0.565 0.547 ;0.908 ;0.907 ;0 0 ;5;5
f7fda6adc7b4f3b02e958f2d6b3d96e9;minipregunta-1;;;;0;;VACIA;0;;VACIA;;;;;;;;;
f7fda6adc7b4f3b02e958f2d6b3d96e9;minipregunta-2;;;;0;;VACIA;0;;VACIA;;;;;;;;;
f7fda6adc7b4f3b02e958f2d6b3d96e9;minipregunta-3;;;;0;;VACIA;0;;VACIA;;;;;;;;;
f7fda6adc7b4f3b02e958f2d6b3d96e9;minipregunta-4;;;;0;;VACIA;0;;VACIA;;;;;;;;;
64ee183c1ed20833aefaacf4daa60f67;minipregunta-1;;;;0;;VACIA;0;;VACIA;;;;;;;;;
64ee183c1ed20833aefaacf4daa60f67;minipregunta-2;;;;0;;VACIA;0;;VACIA;;;;;;;;;
64ee183c1ed20833aefaacf4daa60f67;minipregunta-3;;;;0;;VACIA;0;;VACIA;;;;;;;;;
64ee183c1ed20833aefaacf4daa60f67;minipregunta-4;;;;0;;VACIA;0;;VACIA;;;;;;;;;
34ce67a2b91a9f3310ff0e93ef1a9c45;minipregunta-1;;;;1;2;CONJUNTA;1;2;CONJUNTA;1;3 1 4 9 10 2 ;3 1 4 9 10 2 ;0.733 ;0.862 0.841 0.838 0.801 0.799 0.792 ;0.862 0.842 0.838 0.802 0.795 0.791 ;1;0 0 0 0 0 0 ;0 0 0 0 0 0 
34ce67a2b91a9f3310ff0e93ef1a9c45;minipregunta-2;;;;6;7;CONJUNTA;6;7;CONJUNTA;7;1 2 ;1 2 ;0.678 ;0.856 0.786 ;0.856 0.786 ;7;0 0 ;0 0 
34ce67a2b91a9f3310ff0e93ef1a9c45;minipregunta-3;;;;9;8;CONJUNTA;9;8;CONJUNTA;1 9 2 ;9 2 10 ;9 2 10 ;0.632 0.601 0.562 ;0.904 0.897 0.839 ;0.905 0.896 0.836 ;1 0 0 ;9 2 0 ;9 2 0 
34ce67a2b91a9f3310ff0e93ef1a9c45;minipregunta-4;;;;10;;;10;;;10;10 3 9 2 4 ;10 3 9 2 4 ;0.803 ;0.922 0.915 0.871 0.867 0.865 ;0.92 0.916 0.869 0.867 0.867 ;10;10 3 0 0 0 ;10 3 0 0 0 
9086ffc9bd11901abadbe95477d2292c;minipregunta-1;;;;1;;;1;;;1 7 ;1 8 7 ;1 8 7 ;0.665 0.607 ;0.85 0.836 0.792 ;0.848 0.836 0.791 ;1 0 ;0 0 0 ;0 0 0 
9086ffc9bd11901abadbe95477d2292c;minipregunta-2;;;;3;;;3;;;3 2 ;6 3 ;6 3 ;0.472 0.434 ;0.804 0.803 ;0.804 0.799 ;0 0 ;0 0 ;0 0 
9086ffc9bd11901abadbe95477d2292c;minipregunta-3;;;;5;4,6;CONJUNTA;4;5,6;CONJUNTA;6 8 2 3 1 ;6 3 2 ;6 3 2 ;0.564 0.562 0.558 0.555 0.527 ;0.882 0.87 0.833 ;0.882 0.869 0.835 ;0 0 0 0 0 ;6 0 0 ;6 0 0 
9086ffc9bd11901abadbe95477d2292c;minipregunta-4;;;;7;;;7;;;7;7 1 ;7 1 ;0.833 ;0.938 0.897 ;0.935 0.897 ;7;7 1 ;7 1 
2a6cb06588a72b29abded5a54d4991c6;minipregunta-1;;;;3;1;CONJUNTA;1;3;CONJUNTA;3 1 2 7 6 ;4 3 1 2 ;4 3 1 2 ;0.598 0.592 0.528 0.527 0.526 ;0.86 0.826 0.822 0.805 ;0.86 0.824 0.821 0.814 ;0 0 0 0 0 ;0 0 0 0 ;0 0 0 0 
2a6cb06588a72b29abded5a54d4991c6;minipregunta-2;;;;4;5,6;CONJUNTA;4;5,6,7;CONJUNTA;3 4 6 ;3 4 7 ;3 4 7 ;0.601 0.553 0.547 ;0.809 0.777 0.759 ;0.808 0.777 0.759 ;0 0 0 ;0 0 0 ;0 0 0 
2a6cb06588a72b29abded5a54d4991c6;minipregunta-3;;;;7;8;CONJUNTA;8;9;CONJUNTA;7 6 ;7 6 3 ;7 6 3 ;0.717 0.678 ;0.912 0.856 0.854 ;0.912 0.864 0.851 ;7 6 ;7 0 0 ;7 0 0 
2a6cb06588a72b29abded5a54d4991c6;minipregunta-4;;;;2;;;2;;;1;1 2 ;1 2 ;0.727 ;0.904 0.838 ;0.905 0.843 ;1;1 0 ;1 0 
7340ac6989d2ee98c2ea47882d5c3032;minipregunta-1;;;;1;;;1;;;3;1 3 ;1 3 ;0.634 ;0.9 0.887 ;0.899 0.89 ;3;1 3 ;1 3 
7340ac6989d2ee98c2ea47882d5c3032;minipregunta-2;;;;3;;;3;;;3;3;3;0.524 ;0.833 ;0.838 ;0;0;0
7340ac6989d2ee98c2ea47882d5c3032;minipregunta-3;;;;4;;;4;;;3;3;3;0.617 ;0.865 ;0.862 ;3;0;0
7340ac6989d2ee98c2ea47882d5c3032;minipregunta-4;;;;5;;;5;;;3 1 ;3 1 2 ;3 1 2 ;0.734 0.677 ;0.899 0.865 0.859 ;0.903 0.867 0.851 ;3 1 ;3 0 0 ;3 0 0 
b03dbc813da7be54a82dfe329a859b44;minipregunta-1;;;;1;;;1;;;1;1 6 5 ;1 6 5 ;0.71 ;0.826 0.821 0.781 ;0.825 0.82 0.779 ;1;0 0 0 ;0 0 0 
b03dbc813da7be54a82dfe329a859b44;minipregunta-2;;;;2;3;CONJUNTA;2;3;CONJUNTA;3;3 2 5 6 ;3 2 5 6 ;0.597 ;0.702 0.687 0.686 0.646 ;0.702 0.687 0.686 0.645 ;0;0 0 0 0 ;0 0 0 0 
b03dbc813da7be54a82dfe329a859b44;minipregunta-3;;;;4;5;CONJUNTA;4;;;2 4 ;3 5 6 ;3 5 6 ;0.603 0.574 ;0.844 0.836 0.792 ;0.844 0.834 0.791 ;0 0 ;0 0 0 ;0 0 0 
b03dbc813da7be54a82dfe329a859b44;minipregunta-4;;;;6;;;6;;;1 6 ;6 1 5 ;6 1 5 ;0.807 0.783 ;0.941 0.914 0.886 ;0.94 0.914 0.885 ;1 6 ;6 1 5 ;6 1 5 
c7d1d9c68e49fc55e779a44b4d176400;minipregunta-1;;;;1;;;1;;;4 3 1 ;1 4 ;1 4 ;0.586 0.583 0.563 ;0.831 0.821 ;0.83 0.819 ;0 0 0 ;0 0 ;0 0 
c7d1d9c68e49fc55e779a44b4d176400;minipregunta-2;;;;1;;;1;;;1;3 1 ;3;0.533 ;0.741 0.666 ;0.742 ;0;0 0 ;0
c7d1d9c68e49fc55e779a44b4d176400;minipregunta-3;;;;3;;;3;;;3 1 ;3;3;0.697 0.689 ;0.934 ;0.934 ;3 1 ;3;3
c7d1d9c68e49fc55e779a44b4d176400;minipregunta-4;;;;4;;;4;;;4 1 ;4 1 ;4 1 ;0.677 0.625 ;0.926 0.91 ;0.922 0.909 ;4 1 ;4 1 ;4 1 
aca2b1ba75453033e32a15383895ef5a;minipregunta-1;;;;1;;;1;;;2 1 4 6 ;1 4 ;1 4 ;0.616 0.584 0.559 0.55 ;0.92 0.857 ;0.924 0.858 ;2 0 0 0 ;1 0 ;1 0 
aca2b1ba75453033e32a15383895ef5a;minipregunta-2;;;;3;;;3;;;3;1 4 2 3 6 5 ;1 4 2 3 6 5 ;0.571 ;0.776 0.761 0.755 0.751 0.74 0.704 ;0.776 0.761 0.755 0.751 0.737 0.712 ;0;0 0 0 0 0 0 ;0 0 0 0 0 0 
aca2b1ba75453033e32a15383895ef5a;minipregunta-3;;;;4;5;CONJUNTA;4;5;CONJUNTA;6;4 6 2 ;4 6 ;0.719 ;0.933 0.864 0.859 ;0.933 0.859 ;6;4 0 0 ;4 0 
aca2b1ba75453033e32a15383895ef5a;minipregunta-4;;;;2;;;2;;;2;1 2 6 4 5 ;1 2 6 4 5 ;0.765 ;0.922 0.886 0.886 0.878 0.874 ;0.922 0.887 0.884 0.88 0.87 ;2;1 2 6 4 0 ;1 2 6 4 0 
761c1c9b8459ec1b129a8d9b5d587f57;minipregunta-1;;;;1;;;1;;;2 1 ;8 5 2 1 ;8 2 5 1 ;0.747 0.677 ;0.932 0.914 0.913 0.907 ;0.933 0.914 0.913 0.906 ;2 1 ;8 5 2 1 ;8 2 5 1 
761c1c9b8459ec1b129a8d9b5d587f57;minipregunta-2;;;;5;2,3,4;CONJUNTA;2;3,4,5,6;CONJUNTA;2 7 3 8 ;8 2 7 3 5 ;8 7 2 5 3 ;0.456 0.455 0.407 0.393 ;0.81 0.764 0.762 0.738 0.738 ;0.812 0.767 0.764 0.739 0.738 ;0 0 0 0 ;0 0 0 0 0 ;0 0 0 0 0 
761c1c9b8459ec1b129a8d9b5d587f57;minipregunta-3;;;;7;;;8;4;CONJUNTA;2 7 8 3 4 ;7 8 ;7 8 ;0.67 0.663 0.657 0.619 0.603 ;0.914 0.888 ;0.916 0.888 ;2 7 8 3 0 ;7 8 ;7 8 
761c1c9b8459ec1b129a8d9b5d587f57;minipregunta-4;;;;8;9;CONJUNTA;9;10;CONJUNTA;9 2 ;5 9 1 2 8 ;5 1 9 2 8 ;0.817 0.768 ;0.931 0.929 0.926 0.91 0.898 ;0.931 0.927 0.927 0.912 0.899 ;9 2 ;5 9 1 2 8 ;5 1 9 2 8 
d1bff6709d7728e5a45af677ae0b75c1;minipregunta-1;;;;1;;;1;;;1 4 3 ;1 9 4 ;1 9 4 ;0.723 0.691 0.688 ;0.872 0.869 0.855 ;0.872 0.866 0.852 ;1 4 3 ;0 0 0 ;0 0 0 
d1bff6709d7728e5a45af677ae0b75c1;minipregunta-2;;;;6;7;CONJUNTA;6;7;CONJUNTA;6;4 9 ;4 9 8 ;0.614 ;0.798 0.788 ;0.796 0.788 0.726 ;0;0 0 ;0 0 0 
d1bff6709d7728e5a45af677ae0b75c1;minipregunta-3;;;;8;;;8;;;8 4 ;8 4 6 ;8 4 6 ;0.707 0.653 ;0.914 0.872 0.85 ;0.915 0.868 0.852 ;8 4 ;8 0 0 ;8 0 0 
d1bff6709d7728e5a45af677ae0b75c1;minipregunta-4;;;;9;;;9;;;4 1 ;9 4 3 1 ;9 4 1 ;0.754 0.698 ;0.915 0.911 0.844 0.843 ;0.915 0.91 0.844 ;4 1 ;9 4 0 0 ;9 4 0 
d0a3fba491eba5731343558ae81076d4;minipregunta-1;;;;1;;;1;;;1;1;1;0.729 ;0.917 ;0.916 ;1;1;1
d0a3fba491eba5731343558ae81076d4;minipregunta-2;;;;2;;;2;3;CONJUNTA;1;1 3 ;1 3 ;0.457 ;0.812 0.756 ;0.813 0.751 ;0;0 0 ;0 0 
d0a3fba491eba5731343558ae81076d4;minipregunta-3;;;;3;;;3;;;1 3 ;3 1 ;3 1 ;0.619 0.599 ;0.882 0.87 ;0.878 0.869 ;1 0 ;3 0 ;3 0 
d0a3fba491eba5731343558ae81076d4;minipregunta-4;;;;4;;;4;;;4 1 ;1 4 ;1 4 ;0.739 0.735 ;0.929 0.906 ;0.929 0.904 ;4 1 ;1 4 ;1 4 
cb8cf42d095c349f8a1b3797b91c8294;minipregunta-1;;;;0;;NINGUNA;0;;NINGUNA;1 2 ;2;2;0.595 0.561 ;0.862 ;0.858 ;0 0 ;0;0
cb8cf42d095c349f8a1b3797b91c8294;minipregunta-2;;;;1;;;1;;;1;1;1;0.558 ;0.754 ;0.754 ;0;0;0
cb8cf42d095c349f8a1b3797b91c8294;minipregunta-3;;;;1;;;1;;;1;1;1;0.715 ;0.93 ;0.929 ;1;1;1
cb8cf42d095c349f8a1b3797b91c8294;minipregunta-4;;;;2;;;2;;;2;2;2;0.707 ;0.924 ;0.923 ;2;2;2
3536d62c26ca741b459c426edcf8c53f;minipregunta-1;;;;1;;;1;;;1 4 2 ;1 4 ;1 4 ;0.702 0.668 0.643 ;0.934 0.888 ;0.933 0.887 ;1 4 2 ;1 4 ;1 4 
3536d62c26ca741b459c426edcf8c53f;minipregunta-2;;;;1;;;1;;;1;4 1 ;4 1 ;0.511 ;0.805 0.79 ;0.806 0.79 ;0;0 0 ;0 0 
3536d62c26ca741b459c426edcf8c53f;minipregunta-3;;;;3;;;3;;;3 1 ;4 1 ;4 1 ;0.681 0.669 ;0.909 0.851 ;0.908 0.848 ;3 1 ;4 0 ;4 0 
3536d62c26ca741b459c426edcf8c53f;minipregunta-4;;;;4;;;4;;;4;1 4 ;1 4 ;0.839 ;0.942 0.922 ;0.943 0.921 ;4;1 4 ;1 4 
40f310f15c326b49d534adb6e15cf073;minipregunta-1;;;;1;;;1;;;1 5 ;1 5 ;1 5 ;0.704 0.666 ;0.927 0.882 ;0.927 0.88 ;1 5 ;1 5 ;1 5 
40f310f15c326b49d534adb6e15cf073;minipregunta-2;;;;2;3;CONJUNTA;2;3;CONJUNTA;2;4 1 5 3 ;4 1 5 3 ;0.583 ;0.753 0.736 0.731 0.721 ;0.753 0.738 0.731 0.721 ;0;0 0 0 0 ;0 0 0 0 
40f310f15c326b49d534adb6e15cf073;minipregunta-3;;;;4;;;4;;;4;4 2 1 5 ;4 2 1 ;0.628 ;0.87 0.852 0.815 0.795 ;0.871 0.85 0.814 ;4;0 0 0 0 ;0 0 0 
40f310f15c326b49d534adb6e15cf073;minipregunta-4;;;;5;;;5;;;5;5 1 ;1 5 ;0.8 ;0.928 0.925 ;0.927 0.927 ;5;5 1 ;1 5 
5e3d220728b3995577e63f5641e81516;minipregunta-1;;;;3;1;CONJUNTA;1;3;CONJUNTA;7 6 3 1 ;2 3 6 1 ;2 3 6 1 ;0.639 0.583 0.578 0.572 ;0.814 0.797 0.766 0.746 ;0.816 0.791 0.764 0.742 ;7 0 0 0 ;0 0 0 0 ;0 0 0 0 
5e3d220728b3995577e63f5641e81516;minipregunta-2;;;;4;;;4;;;4;7 6 ;7 6 ;0.505 ;0.78 0.733 ;0.779 0.733 ;0;0 0 ;0 0 
5e3d220728b3995577e63f5641e81516;minipregunta-3;;;;5;;;5;;;5;6 2 5 1 ;6 2 5 1 ;0.724 ;0.88 0.873 0.867 0.818 ;0.878 0.874 0.866 0.815 ;5;6 0 0 0 ;6 0 0 0 
5e3d220728b3995577e63f5641e81516;minipregunta-4;;;;6;7;CONJUNTA;6;;;6 3 ;3 6 ;3 6 ;0.748 0.686 ;0.912 0.866 ;0.907 0.864 ;6 3 ;3 0 ;3 0 
527dbc614d8db1a8fa3a2905050e4b38;minipregunta-1;;;;1;2;CONJUNTA;1;;;1 9 2 ;1;1;0.709 0.7 0.64 ;0.897 ;0.897 ;1 9 2 ;1;1
527dbc614d8db1a8fa3a2905050e4b38;minipregunta-2;;;;3;;;3;;;3;1 3 ;1 3 ;0.693 ;0.755 0.708 ;0.756 0.71 ;3;0 0 ;0 0 
527dbc614d8db1a8fa3a2905050e4b38;minipregunta-3;;;;5;6,7,8;CONJUNTA;5;7,8;CONJUNTA;5 1 10 7 ;5 7 8 4 1 6 ;5 7 8 4 1 6 ;0.626 0.596 0.556 0.552 ;0.863 0.855 0.852 0.848 0.838 0.819 ;0.863 0.856 0.853 0.849 0.836 0.82 ;5 0 0 0 ;0 0 0 0 0 0 ;0 0 0 0 0 0 
527dbc614d8db1a8fa3a2905050e4b38;minipregunta-4;;;;9;10;CONJUNTA;9;;;9 1 ;1 4 10 9 ;1 4 10 9 ;0.773 0.716 ;0.93 0.892 0.887 0.864 ;0.93 0.891 0.891 0.863 ;9 1 ;1 4 10 0 ;1 4 10 0 
b29f6499069390727264f92b4fab2539;minipregunta-1;;;;1;;;1;;;1;1 4 ;1 4 ;0.741 ;0.888 0.844 ;0.89 0.847 ;1;1 0 ;1 0 
b29f6499069390727264f92b4fab2539;minipregunta-2;;;;2;3;CONJUNTA;2;3;CONJUNTA;5 3 2 ;5 1 3 ;5 1 3 ;0.473 0.472 0.467 ;0.724 0.717 0.674 ;0.724 0.72 0.675 ;0 0 0 ;0 0 0 ;0 0 0 
b29f6499069390727264f92b4fab2539;minipregunta-3;;;;3;;;0;;NINGUNA;3;3;3;0.706 ;0.905 ;0.906 ;3;3;3
b29f6499069390727264f92b4fab2539;minipregunta-4;;;;4;5;CONJUNTA;4;;;1 3 5 ;1 4 3 ;1 4 ;0.706 0.65 0.642 ;0.914 0.885 0.842 ;0.915 0.88 ;1 3 5 ;1 4 0 ;1 4 
5c5a89dcd8685f5e85e1b0e328cfdc41;minipregunta-1;;;;0;;VACIA;0;;VACIA;;;;;;;;;
5c5a89dcd8685f5e85e1b0e328cfdc41;minipregunta-2;;;;0;;VACIA;0;;VACIA;;;;;;;;;
5c5a89dcd8685f5e85e1b0e328cfdc41;minipregunta-3;;;;0;;VACIA;0;;VACIA;;;;;;;;;
5c5a89dcd8685f5e85e1b0e328cfdc41;minipregunta-4;;;;0;;VACIA;0;;VACIA;;;;;;;;;
21d11c2f294578dc099d9d701d6efe02;minipregunta-1;;;;1;;;1;;;1;1;1;0.707 ;0.874 ;0.872 ;1;0;0
21d11c2f294578dc099d9d701d6efe02;minipregunta-2;;;;2;;;2;;;3 1 2 ;1 3 ;1 3 ;0.412 0.394 0.394 ;0.774 0.743 ;0.774 0.744 ;0 0 0 ;0 0 ;0 0 
21d11c2f294578dc099d9d701d6efe02;minipregunta-3;;;;3;;;3;;;3;3;3;0.691 ;0.938 ;0.941 ;3;3;3
21d11c2f294578dc099d9d701d6efe02;minipregunta-4;;;;0;;NINGUNA;0;;NINGUNA;1;1;1;0.668 ;0.884 ;0.886 ;1;1;1
054b955cfb5d435f27ff18b109b136e1;minipregunta-1;;;;2;6,7,14;CONJUNTA;2;6,7,14;CONJUNTA;16 2 ;3 16 2 ;3 16 2 ;0.735 0.68 ;0.931 0.903 0.861 ;0.93 0.904 0.86 ;16 2 ;3 16 0 ;3 16 0 
054b955cfb5d435f27ff18b109b136e1;minipregunta-2;;;;5;;;5;;;7 2 9 ;2 3 ;2 3 ;0.588 0.528 0.519 ;0.905 0.856 ;0.905 0.856 ;0 0 0 ;2 0 ;2 0 
054b955cfb5d435f27ff18b109b136e1;minipregunta-3;;;;9;8,10,11,12,13;CONJUNTA;9;11,12,13;CONJUNTA;9 2 7 13 ;9 12 3 5 7 2 11 ;9 12 3 5 ;0.711 0.689 0.669 0.658 ;0.915 0.908 0.876 0.862 0.849 0.846 0.841 ;0.92 0.904 0.873 0.86 ;9 2 7 13 ;9 12 3 0 0 0 0 ;9 12 0 0 
054b955cfb5d435f27ff18b109b136e1;minipregunta-4;;;;16;17,18,19;CONJUNTA;16;;;16;16 3 11 ;16 3 11 ;0.785 ;0.938 0.919 0.884 ;0.938 0.92 0.885 ;16;16 3 11 ;16 3 11 
812eace7c692fa287fa5ff524697107b;minipregunta-1;;;;2;6;;1;2,6;;1 2 4 6 5 ;5 1 ;5 1 ;0.491 0.49 0.49 0.478 0.458 ;0.893 0.87 ;0.889 0.868 ;0 0 0 0 0 ;5 0 ;5 0 
812eace7c692fa287fa5ff524697107b;minipregunta-2;;;;3;;;3;;;1;1;1;0.458 ;0.872 ;0.874 ;0;0;0
812eace7c692fa287fa5ff524697107b;minipregunta-3;;;;4;;;4;;;4;1 4 ;1 4 ;0.633 ;0.921 0.898 ;0.918 0.897 ;4;1 4 ;1 4 
812eace7c692fa287fa5ff524697107b;minipregunta-4;;;;5;6;CONJUNTA;5;;;5 6 1 ;6 1 5 3 2 ;6 1 5 3 2 ;0.548 0.523 0.5 ;0.848 0.834 0.834 0.804 0.794 ;0.848 0.829 0.827 0.803 0.791 ;0 0 0 ;0 0 0 0 0 ;0 0 0 0 0 
2fb405439e8aaae1d342716e1b595d83;minipregunta-1;;;;2;1,3;;2;1;;1;1 2 ;1;0.654 ;0.881 0.811 ;0.888 ;1;1 0 ;1
2fb405439e8aaae1d342716e1b595d83;minipregunta-2;;;;4;;;4;;;4;3 1 4 ;3 1 4 ;0.637 ;0.77 0.758 0.72 ;0.77 0.762 0.72 ;4;0 0 0 ;0 0 0 
2fb405439e8aaae1d342716e1b595d83;minipregunta-3;;;;5;;;5;;;1 3 6 ;3 5 ;3 5 ;0.666 0.656 0.616 ;0.918 0.864 ;0.917 0.865 ;1 3 6 ;3 0 ;3 0 
2fb405439e8aaae1d342716e1b595d83;minipregunta-4;;;;6;7;CONJUNTA;6;;;6;2 6 1 3 ;2 6 1 3 ;0.734 ;0.883 0.872 0.858 0.843 ;0.879 0.873 0.86 0.843 ;6;2 0 0 0 ;2 0 0 0 
f7285176074d58e58fbbc2c485926167;minipregunta-1;;;;1;;;1;;;2;2;2;0.474 ;0.729 ;0.728 ;0;0;0
f7285176074d58e58fbbc2c485926167;minipregunta-2;;;;1;;;1;;;1 2 ;2;2;0.346 0.292 ;0.679 ;0.679 ;0 0 ;0;0
f7285176074d58e58fbbc2c485926167;minipregunta-3;;;;1;;;1;;;1 2 ;1 2 ;1 2 ;0.501 0.449 ;0.791 0.787 ;0.79 0.784 ;0 0 ;0 0 ;0 0 
f7285176074d58e58fbbc2c485926167;minipregunta-4;;;;2;;;2;;;2;2 1 ;2 1 ;0.667 ;0.865 0.801 ;0.863 0.796 ;2;0 0 ;0 0 
53ebdb2239cc53c714efaaa26e576c4c;minipregunta-1;;;;3;4;CONJUNTA;3;1;;3;3 1 4 9 ;3 1 4 9 ;0.728 ;0.913 0.909 0.901 0.844 ;0.911 0.91 0.903 0.843 ;3;3 1 4 0 ;3 1 4 0 
53ebdb2239cc53c714efaaa26e576c4c;minipregunta-2;;;;5;;;5;;;5;5;5;0.843 ;0.922 ;0.922 ;5;5;5
53ebdb2239cc53c714efaaa26e576c4c;minipregunta-3;;;;7;8;CONJUNTA;7;8;CONJUNTA;7 6 10 ;8 4 1 7 5 6 10 ;8 4 7 1 6 5 10 ;0.688 0.659 0.615 ;0.885 0.861 0.852 0.85 0.846 0.844 0.832 ;0.884 0.864 0.852 0.85 0.845 0.843 0.829 ;7 6 0 ;8 0 0 0 0 0 0 ;8 0 0 0 0 0 0 
53ebdb2239cc53c714efaaa26e576c4c;minipregunta-4;;;;9;10;CONJUNTA;9;;;9 8 3 10 ;9 4 8 10 3 1 ;9 4 8 10 3 1 ;0.687 0.658 0.657 0.652 ;0.918 0.904 0.89 0.861 0.854 0.847 ;0.918 0.908 0.888 0.858 0.854 0.85 ;9 8 3 10 ;9 4 8 0 0 0 ;9 4 8 0 0 0 
e8de7e25ccce23438087cf820c323b8d;minipregunta-1;;;;1;;;1;;;6 1 ;6 4 ;6 4 ;0.708 0.701 ;0.86 0.807 ;0.86 0.806 ;6 1 ;0 0 ;0 0 
e8de7e25ccce23438087cf820c323b8d;minipregunta-2;;;;4;3;CONJUNTA;4;;;3;3;3;0.602 ;0.793 ;0.795 ;0;0;0
e8de7e25ccce23438087cf820c323b8d;minipregunta-3;;;;5;;;5;;;5;5 3 7 ;5 3 7 ;0.771 ;0.914 0.896 0.856 ;0.916 0.897 0.854 ;5;5 3 0 ;5 3 0 
e8de7e25ccce23438087cf820c323b8d;minipregunta-4;;;;7;6;CONJUNTA;7;6;;6;6 4 ;6 4 ;0.729 ;0.905 0.874 ;0.908 0.872 ;6;6 0 ;6 0 
34523c68fa60ddf61f36e33d10e525eb;minipregunta-1;;;;1;5;CONJUNTA;1;5;CONJUNTA;5 3 ;4 3 2 5 ;4 3 2 5 ;0.625 0.561 ;0.788 0.783 0.762 0.762 ;0.786 0.779 0.76 0.758 ;5 0 ;0 0 0 0 ;0 0 0 0 
34523c68fa60ddf61f36e33d10e525eb;minipregunta-2;;;;0;;NINGUNA;0;;NINGUNA;3 2 4 5 ;4 3 5 ;4 3 5 ;0.432 0.427 0.404 0.383 ;0.794 0.761 0.729 ;0.793 0.758 0.726 ;0 0 0 0 ;0 0 0 ;0 0 0 
34523c68fa60ddf61f36e33d10e525eb;minipregunta-3;;;;3;;;3;;;5 3 ;3 5 2 4 ;3 5 2 4 ;0.705 0.651 ;0.934 0.892 0.888 0.866 ;0.934 0.891 0.886 0.868 ;5 3 ;3 5 2 0 ;3 5 2 0 
34523c68fa60ddf61f36e33d10e525eb;minipregunta-4;;;;4;5;CONJUNTA;4;;;5;4 3 5 2 ;4 3 5 2 ;0.717 ;0.857 0.844 0.834 0.803 ;0.855 0.841 0.83 0.8 ;5;0 0 0 0 ;0 0 0 0 
b0616bb8de9475d9491a9581e6ed9811;minipregunta-1;;;;1;2;CONJUNTA;1;2;CONJUNTA;1 2 ;1 2 ;1 2 ;0.597 0.595 ;0.907 0.848 ;0.91 0.844 ;0 0 ;1 0 ;1 0 
b0616bb8de9475d9491a9581e6ed9811;minipregunta-2;;;;1;;;1;;;2 1 ;1 2 ;1 2 ;0.357 0.348 ;0.777 0.717 ;0.782 0.714 ;0 0 ;0 0 ;0 0 
b0616bb8de9475d9491a9581e6ed9811;minipregunta-3;;;;0;;NINGUNA;;;NINGUNA;2;1 2 ;1 2 ;0.606 ;0.885 0.83 ;0.883 0.822 ;0;1 0 ;1 0 
b0616bb8de9475d9491a9581e6ed9811;minipregunta-4;;;;0;;NINGUNA;;;NINGUNA;1;1 2 ;1 2 ;0.756 ;0.908 0.899 ;0.907 0.895 ;1;1 2 ;1 2 
653e6dc27f1031bcd8e1c1fa62070649;minipregunta-1;;;;1;4;CONJUNTA;1;4;CONJUNTA;4;9 11 ;9 11 ;0.723 ;0.883 0.839 ;0.883 0.838 ;4;9 0 ;9 0 
653e6dc27f1031bcd8e1c1fa62070649;minipregunta-2;;;;2;;;;;NINGUNA;6;1;1;0.653 ;0.914 ;0.913 ;6;1;1
653e6dc27f1031bcd8e1c1fa62070649;minipregunta-3;;;;5;6,7;CONJUNTA;5;6;CONJUNTA;1 8 5 7 6 ;5 1 7 2 9 6 10 ;5 1 7 2 9 6 10 ;0.647 0.638 0.636 0.609 0.597 ;0.907 0.899 0.893 0.882 0.88 0.862 0.845 ;0.909 0.898 0.895 0.886 0.88 0.862 0.846 ;1 8 5 0 0 ;5 1 7 2 9 0 0 ;5 1 7 2 9 0 0 
653e6dc27f1031bcd8e1c1fa62070649;minipregunta-4;;;;11;;;11;9;;11 3 9 10 ;9 10 3 11 4 5 ;9 10 3 11 5 4 ;0.72 0.716 0.686 0.685 ;0.903 0.872 0.869 0.849 0.843 0.841 ;0.904 0.87 0.866 0.852 0.841 0.835 ;11 3 9 10 ;9 0 0 0 0 0 ;9 0 0 0 0 0 
02a50793837b6c2e3c8105f4c1314b9a;minipregunta-1;;;;0;;VACIA;0;;VACIA;;;;;;;;;
02a50793837b6c2e3c8105f4c1314b9a;minipregunta-2;;;;0;;VACIA;0;;VACIA;;;;;;;;;
02a50793837b6c2e3c8105f4c1314b9a;minipregunta-3;;;;0;;VACIA;0;;VACIA;;;;;;;;;
02a50793837b6c2e3c8105f4c1314b9a;minipregunta-4;;;;0;;VACIA;0;;VACIA;;;;;;;;;
205c0231adf836bb764104ca86f55ce0;minipregunta-1;;;;0;;VACIA;0;;VACIA;;;;;;;;;
205c0231adf836bb764104ca86f55ce0;minipregunta-2;;;;0;;VACIA;0;;VACIA;;;;;;;;;
205c0231adf836bb764104ca86f55ce0;minipregunta-3;;;;0;;VACIA;0;;VACIA;;;;;;;;;
205c0231adf836bb764104ca86f55ce0;minipregunta-4;;;;0;;VACIA;0;;VACIA;;;;;;;;;
43a3bb1a3195a809ef8574ce38518a5a;minipregunta-1;;;;1;;;1;;;1;1;1;0.751 ;0.89 ;0.891 ;1;1;1
43a3bb1a3195a809ef8574ce38518a5a;minipregunta-2;;;;2;;;2;;;2;2;2;0.564 ;0.803 ;0.803 ;0;0;0
43a3bb1a3195a809ef8574ce38518a5a;minipregunta-3;;;;2;;;2;;;2;2 3 ;2 3 ;0.687 ;0.916 0.865 ;0.916 0.866 ;2;2 0 ;2 0 
43a3bb1a3195a809ef8574ce38518a5a;minipregunta-4;;;;3;;;3;;;3;1;1;0.801 ;0.908 ;0.908 ;3;1;1
b5c4e8f6aa7e71df24b02d4bf2fe5b1d;minipregunta-1;;;;0;;VACIA;1;;;2;2 1 ;2 1 ;0.634 ;0.733 0.69 ;0.73 0.69 ;2;0 0 ;0 0 
b5c4e8f6aa7e71df24b02d4bf2fe5b1d;minipregunta-2;;;;1;;;1;;;1;1;1;0.653 ;0.755 ;0.757 ;1;0;0
b5c4e8f6aa7e71df24b02d4bf2fe5b1d;minipregunta-3;;;;1;;;1;;;1 2 ;1;1;0.658 0.608 ;0.91 ;0.909 ;1 0 ;1;1
b5c4e8f6aa7e71df24b02d4bf2fe5b1d;minipregunta-4;;;;2;;;2;;;2;2;2;0.723 ;0.896 ;0.89 ;2;2;2
b59a168a62d6ce6b68998c47fe2dabfa;minipregunta-1;;;;1;;UNICA;1;;UNICA;1;1;1;0.579 ;0.759 ;0.756 ;0;0;0
b59a168a62d6ce6b68998c47fe2dabfa;minipregunta-2;;;;0;;NINGUNA;0;;NINGUNA;1;1;1;0.238 ;0.679 ;0.679 ;0;0;0
b59a168a62d6ce6b68998c47fe2dabfa;minipregunta-3;;;;1;;UNICA;1;;UNICA;1;1;1;0.608 ;0.851 ;0.849 ;0;0;0
b59a168a62d6ce6b68998c47fe2dabfa;minipregunta-4;;;;1;;UNICA;1;;UNICA;1;1;1;0.759 ;0.891 ;0.886 ;1;1;1
88ab1d4208b2a7f96662ead8c313efa8;minipregunta-1;;;;1;;;1;;;1;6 7 1 ;6 7 1 ;0.713 ;0.83 0.803 0.777 ;0.827 0.8 0.775 ;1;0 0 0 ;0 0 0 
88ab1d4208b2a7f96662ead8c313efa8;minipregunta-2;;;;2;;;2;;;2;2 6 ;2 6 ;0.705 ;0.838 0.77 ;0.838 0.771 ;2;0 0 ;0 0 
88ab1d4208b2a7f96662ead8c313efa8;minipregunta-3;;;;4;3,5;CONJUNTA;3;4,5;CONJUNTA;2 1 4 6 ;5 4 7 2 6 1 ;5 4 7 2 6 ;0.665 0.659 0.64 0.624 ;0.881 0.852 0.843 0.837 0.823 0.806 ;0.884 0.852 0.841 0.834 0.819 ;2 1 4 6 ;5 0 0 0 0 0 ;5 0 0 0 0 
88ab1d4208b2a7f96662ead8c313efa8;minipregunta-4;;;;7;;;7;;;7 1 ;7 6 1 ;7 6 1 ;0.746 0.727 ;0.912 0.876 0.854 ;0.911 0.877 0.852 ;7 1 ;7 6 0 ;7 6 0 
d0b36b1b57e447cb11157d9c3f3a6ff2;minipregunta-1;;;;4;;;4;;;4;4 1 ;4 1 ;0.629 ;0.918 0.898 ;0.915 0.899 ;4;4 1 ;4 1 
d0b36b1b57e447cb11157d9c3f3a6ff2;minipregunta-2;;;;1;;;1;;;1;1 3 ;1 3 ;0.578 ;0.836 0.764 ;0.836 0.763 ;0;0 0 ;0 0 
d0b36b1b57e447cb11157d9c3f3a6ff2;minipregunta-3;;;;3;2;CONJUNTA;2;3;CONJUNTA;3;3 1 ;3 1 ;0.705 ;0.912 0.886 ;0.911 0.888 ;3;3 1 ;3 1 
d0b36b1b57e447cb11157d9c3f3a6ff2;minipregunta-4;;;;4;;;4;;;4;4;4 1 ;0.764 ;0.964 ;0.964 0.889 ;4;4;4 1 
da4af2113dc6448568b6b35d1ca8c9d4;minipregunta-1;;;;1;;;1;;;5 2 3 1 ;5 2 ;5 2 ;0.533 0.527 0.489 0.479 ;0.829 0.76 ;0.825 0.761 ;0 0 0 0 ;0 0 ;0 0 
da4af2113dc6448568b6b35d1ca8c9d4;minipregunta-2;;;;3;;;3;;;3;5 1 3 4 ;5 1 3 4 ;0.558 ;0.724 0.721 0.713 0.71 ;0.724 0.721 0.713 0.71 ;0;0 0 0 0 ;0 0 0 0 
da4af2113dc6448568b6b35d1ca8c9d4;minipregunta-3;;;;4;2;CONJUNTA;2;4;CONJUNTA;3 4 1 ;4 3 1 ;4 3 1 ;0.667 0.664 0.599 ;0.917 0.881 0.867 ;0.918 0.88 0.864 ;3 4 0 ;4 3 0 ;4 3 0 
da4af2113dc6448568b6b35d1ca8c9d4;minipregunta-4;;;;5;;;5;;;2 5 1 ;5 2 1 ;5 2 1 ;0.614 0.583 0.574 ;0.877 0.866 0.834 ;0.874 0.861 0.832 ;0 0 0 ;5 0 0 ;0 0 0 
6a617ebdfa1f4c1ce62c268c9038b0c8;minipregunta-1;;;;1;;;1;;;3 4 ;2 1 4 ;2 1 4 ;0.681 0.673 ;0.84 0.839 0.836 ;0.841 0.836 0.831 ;3 4 ;0 0 0 ;0 0 0 
6a617ebdfa1f4c1ce62c268c9038b0c8;minipregunta-2;;;;2;;;2;;;2;2 1 ;2 1 ;0.738 ;0.868 0.861 ;0.868 0.861 ;2;0 0 ;0 0 
6a617ebdfa1f4c1ce62c268c9038b0c8;minipregunta-3;;;;3;;;3;;;3 1 ;1 3 2 4 ;1 3 2 4 ;0.737 0.696 ;0.875 0.863 0.853 0.853 ;0.871 0.865 0.852 0.849 ;3 1 ;0 0 0 0 ;0 0 0 0 
6a617ebdfa1f4c1ce62c268c9038b0c8;minipregunta-4;;;;4;;;4;;;4;4;4;0.72 ;0.907 ;0.905 ;4;4;4
39e7c6fcf3761c9b8d35b98c8c382305;minipregunta-1;;;;0;;VACIA;0;;VACIA;;;;;;;;;
39e7c6fcf3761c9b8d35b98c8c382305;minipregunta-2;;;;0;;VACIA;0;;VACIA;;;;;;;;;
39e7c6fcf3761c9b8d35b98c8c382305;minipregunta-3;;;;0;;VACIA;0;;VACIA;;;;;;;;;
39e7c6fcf3761c9b8d35b98c8c382305;minipregunta-4;;;;0;;VACIA;0;;VACIA;;;;;;;;;
